1,2,3,4
415.6,-125.5,1146972896,1
408.1,-110.0,1146972920,1
383.5,-96.8,1146972936,1
309.7,-63.4,1146972951,1
267.6, 23.5,1146972979,1
300.8, 33.8,1146972995,1
270.9, 40.2,1146973010,1
253.8, 67.9,1146973024,1
210.5,126.2,1146973039,1
214.1,114.1,1146973059,1
209.3,110.7,1146973071,1
100.2,154.6,1146973083,1
 75.6,200.2,1146973101,1
143.7,264.0,1146973147,1
188.4,293.3,1146973162,1
272.8,332.2,1146973176,1
305.4,212.0,1146973193,1
330.5,208.4,1146973210,1
370.7, 88.0,1146973225,1
402.1, 66.5,1146973235,1
366.4,122.9,1146973246,1
653.3,252.6,1146973275,1
559.7,280.5,1146973289,1
536.0,196.7,1146973305,1
319.9,-14.4,1146973319,1
383.3, 45.0,1146973338,1
449.7,-60.7,1146973357,1
511.4, 80.7,1146973372,1
415.1, 98.1,1146973389,1
373.3,131.0,1146973402,1
280.0,-54.1,1146973435,1
 65.9,132.5,1146973446,1
368.8,259.4,1146973458,1
212.1,201.4,1146973476,1
101.0,184.4,1146973489,1
280.1,240.7,1146973504,1
253.9,344.4,1146973520,1
234.3,274.1,1146973536,1
244.5,444.3,1146973593,1
249.4,259.1,1146973626,1
283.3,255.7,1146973672,1
286.4,261.8,1146973685,1
426.8,305.4,1146973714,1
424.8,301.3,1146973763,1
426.4,278.9,1146973774,1
424.4,246.4,1146973809,1
530.9,257.3,1146973834,1
518.7,257.6,1146973849,1
450.9,267.7,1146973881,1
361.3,272.4,1146973893,1
405.1,283.8,1146973908,1
376.9,245.2,1146973938,1
486.3,252.9,1146973952,1
464.6,264.7,1146973970,1
429.6,261.6,1146973986,1
407.4,272.6,1146974034,1
374.5,257.0,1146974059,1
359.6,255.7,1146974073,1
330.3,253.9,1146974104,1
306.0,248.8,1146974123,1
443.3,231.8,1146974133,1
561.4,212.3,1146974152,1
581.0,184.0,1146974180,1
458.8,259.6,1146974194,1
500.2,254.7,1146974211,1
521.4,247.9,1146974224,1
434.2,275.0,1146974239,1
438.1,292.1,1146974253,1
589.1,239.0,1146974268,1
557.0,255.9,1146974283,1
535.5,212.6,1146974330,1
568.6,156.9,1146974343,1
547.5,161.9,1146974375,1
613.6,212.0,1146974435,1
627.1,221.2,1146974451,1
620.7,234.1,1146974488,1
618.7,236.5,1146974502,1
508.8,294.8,1146974523,1
420.3,344.4,1146974539,1
382.8,332.9,1146974569,1
474.2,328.4,1146974585,1
475.4,385.8,1146974659,1
400.5,357.6,1146974703,1
400.5,357.6,1146974721,1
400.5,357.6,1146974736,1
396.6,365.0,1146974750,1
397.9,328.8,1146974793,1
493.9,802.8,1146974808,1
634.0,1467.3,1146974852,1
417.4,446.1,1146974884,1
449.4, 63.9,1146974948,1
542.1,-30.5,1146974961,1
552.7, 16.9,1146974975,1
567.2, 12.8,1146974987,1
586.2, 56.2,1146975004,1
581.1,134.3,1146975021,1
632.4, 49.9,1146975035,1
639.7, 23.4,1146975053,1
717.6,225.0,1146975080,1
814.4, 66.2,1146975094,1
707.1, 81.5,1146975109,1
752.2, 49.1,1146975126,1
730.3, 38.2,1146975140,1
754.9, -8.1,1146975156,1
794.1,-51.1,1146975201,1
512.4,-169.7,1146975246,1
411.9,-189.4,1146975261,1
437.1,-58.6,1146975294,1
446.9, -8.1,1146975319,1
456.5, 41.6,1146975338,1
431.3,-172.6,1146975395,1
430.7,-177.2,1146975423,1
465.7,-11.1,1146975441,1
767.2,367.5,1146975455,1
774.4,375.4,1146975501,1
777.0,361.0,1146975542,1
802.8,383.4,1146975561,1
875.3,522.7,1146975588,1
863.4,485.3,1146975605,1
810.0,469.5,1146975653,1
791.9,452.7,1146975692,1
793.1,449.4,1146975707,1
808.0,299.6,1146975735,1
808.5,310.2,1146975751,1
815.1,385.0,1146975782,1
818.5,383.5,1146975796,1
853.2,328.9,1146975848,1
872.7,286.9,1146975877,1
860.6,322.6,1146975922,1
857.4,322.1,1146975940,1
805.9,309.1,1146976011,1
802.2,302.2,1146976026,1
778.5,262.8,1146976058,1
773.0,306.9,1146976072,1
776.2,308.3,1146976104,1
768.8,304.7,1146976147,1
722.0,344.8,1146976206,1
717.5,351.6,1146976224,1
 54.3,-33.8,1146976236,1
-11.3,-62.1,1146976251,1
 -3.8,-20.7,1146976296,1
103.4,216.8,1146976311,1
-182.0,-29.5,1146976393,1
-153.0,-26.4,1146976450,1
-151.0, 30.9,1146976508,1
 53.4,-46.7,1146976525,1
 76.8,-28.8,1146976541,1
 81.2,-33.5,1146976585,1
191.6,-88.0,1146976616,1
227.1,-80.0,1146976630,1
335.0,-98.0,1146976661,1
273.0,-86.6,1146976675,1
492.3,-52.5,1146976724,1
499.9,-66.0,1146976753,1
500.7,-60.0,1146976767,1
526.2,-55.3,1146976799,1
552.0,-49.5,1146976818,1
627.6,-50.6,1146976862,1
640.1,-46.2,1146976896,1
633.3,-51.5,1146976908,1
626.9,-10.6,1146976940,1
611.6,272.3,1146976985,1
610.0,319.9,1146977035,1
823.8,1397.0,1146977059,1
826.8,1318.4,1146977075,1
773.9,909.0,1146977089,1
731.4,786.8,1146977120,1
705.8,358.3,1146977135,1
681.7,132.5,1146977151,1
682.9,-34.8,1146977224,1
675.2,-112.8,1146977238,1
670.9,-156.8,1146977270,1
653.6,-113.5,1146977284,1
641.9,-45.4,1146977315,1
565.0,149.3,1146977346,1
518.0,302.5,1146977361,1
569.4,232.9,1146977390,1
588.1,254.1,1146977405,1
641.6,-99.3,1146977435,1
639.2,-78.7,1146977480,1
625.2,-17.6,1146977494,1
598.7,232.6,1146977524,1
632.3,118.1,1146977538,1
668.8, 38.2,1146977570,1
559.0,271.6,1146977679,1
666.1,-90.6,1146977706,1
666.1,-90.6,1146977811,1
726.1,-108.9,1146977840,1
726.1,-108.9,1146977856,1
729.9,-98.8,1146977888,1
669.7, 43.6,1146977936,1
669.2, 44.8,1146977948,1
649.5, 66.6,1146977976,1
504.1,252.2,1146977989,1
540.0,303.4,1146978113,1
678.2,354.0,1146978122,1
678.2,354.0,1146978135,1
682.0,334.9,1146978150,1
688.2,302.6,1146978163,1
686.7,310.7,1146978179,1
700.0,251.9,1146978195,1
697.0,267.9,1146978227,1
705.7,212.8,1146978240,1
697.6,218.6,1146978257,1
729.0,312.7,1146978284,1
707.9,773.8,1146978302,1
630.5,514.3,1146978322,1
708.6, 52.5,1146978591,1
708.6, 52.5,1146978606,1
814.6,-38.5,1146978636,1
634.7,  5.7,1146978699,1
679.2,-12.6,1146978713,1
669.5, 11.8,1146978726,1
677.2, 25.5,1146978753,1
652.0, 19.7,1146978765,1
696.3, 48.2,1146978795,1
600.2, 67.8,1146978827,1
604.1, 77.1,1146978841,1
639.1, 81.7,1146978855,1
586.7, 90.4,1146978870,1
575.9, 85.9,1146978886,1
617.0, 65.1,1146978900,1
658.9, 35.0,1146978914,1
675.1, -0.1,1146978931,1
683.7,-16.8,1146978947,1
687.8,-19.4,1146978980,1
889.3,-52.8,1146979021,1
932.3,-108.7,1146979065,1
874.3,-65.5,1146979081,1
720.9,115.4,1146979096,1
705.8,128.3,1146979161,1
692.1,136.7,1146979181,1
711.6,213.1,1146979205,1
715.8,221.8,1146979216,1
685.4,285.4,1146979246,1
688.1,289.2,1146979278,1
693.0,271.4,1146979292,1
689.5,193.5,1146979307,1
677.8,112.2,1146979336,1
675.6,108.1,1146979351,1
755.9,570.6,1146979381,1
712.1,221.4,1146979431,1
722.1,197.8,1146979471,1
724.7,197.1,1146979488,1
724.9,197.0,1146979504,1
711.5,523.2,1146979534,1
712.9,490.2,1146979550,1
718.7,347.3,1146979580,1
544.4,631.1,1146979730,1
544.4,631.1,1146979850,1
516.0,292.0,1146979954,1
516.0,292.0,1146979985,1
516.0,292.0,1146980030,1
529.8,289.5,1146980060,1
588.2,278.7,1146980075,1
612.0,201.9,1146980106,1
612.0,202.3,1146980119,1
722.9,335.1,1146980179,1
771.0,295.7,1146980209,1
771.8,262.5,1146980238,1
768.9,282.5,1146980254,1
832.2,217.8,1146980300,1
833.4,198.1,1146980345,1
704.6,190.2,1146980376,1
780.9,104.5,1146980394,1
664.9,263.6,1146980414,1
668.0,265.2,1146980430,1
785.1, 25.6,1146980510,1
754.6,182.2,1146980539,1
747.7,246.2,1146980555,1
750.1,235.0,1146980584,1
755.7,226.7,1146980601,1
682.6,288.4,1146980631,1
682.6,285.2,1146980645,1
687.6,273.6,1146980660,1
633.5,225.2,1146980673,1
641.9,163.3,1146980719,1
703.6,169.6,1146980751,1
707.3,-25.3,1146980853,1
512.5,-151.6,1146980990,1
512.5,-151.6,1146981021,1
462.0,497.2,1146981171,1
569.1,406.2,1146981277,1
677.9,337.8,1146981320,1
716.4,356.4,1146981412,1
720.6,200.8,1146981455,1
702.4,208.7,1146981502,1
694.4,212.1,1146981533,1
572.5,402.9,1146981545,1
555.3,429.7,1146981562,1
536.7,430.7,1146981572,1
562.9,332.4,1146981599,1
655.6,240.0,1146981614,1
555.2,362.0,1146981711,1
682.3,174.7,1146981771,1
717.3, 61.6,1146981864,1
781.9,406.1,1146981900,1
775.4,259.1,1146981945,1
708.7,167.9,1146981991,1
650.6,462.1,1146982028,1
631.5,649.4,1146982043,1
646.8,594.8,1146982057,1
663.8,580.1,1146982088,1
678.7,510.0,1146982103,1
702.4,354.9,1146982132,1
712.2,308.8,1146982142,1
723.6,207.0,1146982171,1
845.8,-12.2,1146982185,1
783.7, 87.0,1146982202,1
790.3, 94.6,1146982217,1
797.7, 92.9,1146982230,1
781.4,166.8,1146982244,1
771.4,199.9,1146982284,1
774.6,227.7,1146982314,1
780.6,206.5,1146982325,1
795.7,180.6,1146982350,1
788.3,190.7,1146982366,1
784.7,218.8,1146982379,1
784.4,254.1,1146982395,1
715.2,120.0,1146982804,1
715.2,120.0,1146982817,1
770.1,-49.3,1146982850,1
827.7, 85.4,1146982895,1
830.8, 86.8,1146982910,1
918.4, 62.6,1146982940,1
913.5, 64.7,1146982954,1
919.6, 59.0,1146982983,1
895.7, 10.5,1146982999,1
809.3,-113.1,1146983043,1
808.5,-114.3,1146983062,1
807.4,-124.1,1146983092,1
790.8,-39.4,1146983119,1
729.1,213.3,1146983134,1
694.1,406.2,1146983149,1
692.7,591.9,1146983180,1
653.6,761.5,1146983194,1
678.8,773.6,1146983208,1
701.7,551.7,1146983226,1
682.8,303.1,1146983255,1
677.5,296.3,1146983269,1
677.2,152.0,1146983300,1
664.4,126.1,1146983329,1
663.1,100.7,1146983347,1
825.7,242.8,1146983375,1
830.7,271.4,1146983390,1
750.8,275.1,1146983403,1
709.1,250.4,1146983434,1
867.3,287.9,1146983449,1
800.6,237.8,1146983488,1
906.6,277.8,1146983498,1
816.1,249.6,1146983526,1
716.9,252.0,1146983569,1
678.7, 43.7,1146983659,1
678.7, 43.7,1146983674,1
660.2,183.7,1146983706,1
693.6,276.5,1146983752,1
691.3,318.8,1146983794,1
601.1,361.3,1146983825,1
555.9,370.2,1146983838,1
558.2,360.6,1146983885,1
570.4,364.9,1146983945,1
570.6,364.4,1146983991,1
663.4,610.8,1146984018,1
679.7,615.4,1146984035,1
644.9,591.9,1146984110,1
637.4,587.2,1146984125,1
646.2,400.9,1146984142,1
700.6,369.8,1146984396,1
700.6,369.8,1146984426,1
588.6,971.9,1146984514,1
571.4,745.3,1146984547,1
571.4,745.3,1146984625,1
489.3,799.6,1146984635,1
396.3,828.1,1146984646,1
383.3,757.3,1146984678,1
450.3,583.5,1146984692,1
502.3,300.4,1146984721,1
576.5,330.4,1146984743,1
540.0,172.8,1146984786,1
467.0,256.1,1146984847,1
329.6,143.5,1146984862,1
336.5,173.3,1146984877,1
297.2,308.2,1146984905,1
296.4,300.1,1146984925,1
570.1, 13.5,1146984991,1
436.0,197.5,1146985005,1
633.3,-73.3,1146985049,1
609.2,-31.8,1146985079,1
508.6,141.0,1146985095,1
487.9, 28.9,1146985127,1
387.6,-62.4,1146985193,1
360.0,-88.6,1146985240,1
363.1,-88.4,1146985296,1
266.8,-172.3,1146985312,1
233.8,203.6,1146985371,1
246.2, 62.0,1146985414,1
348.7,413.4,1146985447,1
465.6,336.5,1146985492,1
448.0,180.2,1146985507,1
438.1,124.3,1146985538,1
392.5,-39.9,1146985553,1
375.9,-84.0,1146985583,1
376.2,-81.1,1146985600,1
362.1,-151.4,1146985628,1
362.1,-151.4,1146985641,1
362.1,-149.4,1146985669,1
1003.3,-107.2,1146986151,1
1003.3,-107.2,1146986196,1
975.8,143.8,1146986226,1
972.2,177.0,1146986244,1
1073.1,381.2,1146986261,1
1077.1,384.4,1146986277,1
1073.6,381.7,1146986292,1
1091.7,460.2,1146986334,1
1135.1,806.7,1146986364,1
1054.7,603.8,1146986379,1
886.4,183.3,1146986397,1
818.4, -4.3,1146986414,1
830.6,  9.4,1146986429,1
824.4,  4.8,1146986444,1
874.5, 30.8,1146986462,1
876.2, 36.3,1146986498,1
854.3,-24.5,1146986512,1
834.6,-15.7,1146986527,1
563.4, 30.5,1146986546,1
369.6, -4.4,1146986564,1
345.5,-13.0,1146986582,1
457.0,-55.7,1146986604,1
256.4,-94.9,1146986657,1
374.6,-53.5,1146986673,1
382.9,-12.6,1146986701,1
534.8, 44.2,1146986717,1
808.9,202.0,1146986731,1
795.3,200.2,1146986745,1
816.2,216.5,1146986776,1
698.8,148.5,1146986792,1
710.3, 83.7,1146986806,1
783.6, 31.6,1146986820,1
645.9,  4.5,1146986836,1
611.8,104.5,1146986851,1
793.7,261.4,1146986865,1
733.4,219.5,1146986881,1
684.6,208.1,1146986896,1
667.2,220.7,1146986927,1
628.8,179.6,1146986942,1
267.5, 30.7,1146986986,1
406.4, 89.9,1146987002,1
359.0,197.9,1146987030,1
408.1,163.2,1146987046,1
321.3,117.1,1146987080,1
308.7, 55.6,1146987092,1
296.1, 83.2,1146987106,1
310.3, 71.6,1146987122,1
336.6, 85.5,1146987136,1
346.4, 95.4,1146987151,1
383.3,130.8,1146987166,1
392.5,131.4,1146987181,1
501.0,126.6,1146987198,1
432.1,134.2,1146987229,1
432.9,132.6,1146987243,1
394.9,132.9,1146987259,1
407.2,132.0,1146987274,1
165.2,150.1,1146987288,1
191.4,132.7,1146987303,1
410.7, 44.2,1146987321,1
671.5,-59.2,1146987349,1
560.2,-158.4,1146987378,1
537.7,-172.3,1146987392,1
512.9,-186.8,1146987408,1
584.9,-144.2,1146987421,1
779.2,-29.1,1146987437,1
688.0,-79.4,1146987452,1
872.8, 54.4,1146987467,1
863.5, 51.3,1146987483,1
873.0, 41.4,1146987498,1
877.7, 27.7,1146987532,1
852.4, 15.3,1146987543,1
813.0, -8.2,1146987556,1
776.5,-15.9,1146987572,1
766.0,-21.2,1146987591,1
789.2,-10.3,1146987601,1
828.7, -2.4,1146987616,1
778.8,-27.0,1146987631,1
709.4,-49.8,1146987645,1
679.1,-58.3,1146987678,1
782.3,-31.8,1146987692,1
696.6,-53.3,1146987708,1
679.3,-76.7,1146987722,1
797.3,-81.4,1146987737,1
824.9,-87.3,1146987752,1
605.5,-69.7,1146987767,1
702.9,-79.7,1146987780,1
678.6,-84.8,1146987796,1
623.2,-87.2,1146987829,1
587.1,-111.7,1146987842,1
621.3,-109.4,1146987857,1
813.0,-83.5,1146987872,1
793.2,-93.2,1146987888,1
665.8,-120.1,1146987901,1
723.8,-109.0,1146987915,1
717.6,-102.7,1146987931,1
680.8,-104.3,1146987946,1
696.7,-75.3,1146987980,1
774.3,-42.0,1146987991,1
819.5,-26.2,1146988002,1
801.1,-13.0,1146988017,1
820.2,  4.2,1146988033,1
831.5, 14.7,1146988046,1
836.6, 46.1,1146988061,1
835.6, 41.2,1146988076,1
827.1, 28.5,1146988122,1
771.0, 39.8,1146988152,1
741.9, 36.7,1146988168,1
730.3, 32.4,1146988191,1
647.0,-38.1,1146988204,1
592.4,-72.5,1146988215,1
581.5,-80.3,1146988229,1
611.2,-76.2,1146988245,1
597.8,-82.8,1146988277,1
594.3,-40.9,1146988293,1
580.5,-28.2,1146988314,1
575.8,556.0,1146988355,1
664.8,379.3,1146988402,1
678.2,220.5,1146988475,1
674.6,167.6,1146988581,1
358.1,-208.9,1146988670,1
427.2,-117.8,1146988685,1
436.5,-105.5,1146988703,1
408.9,-141.9,1146988734,1
330.2,-115.1,1146988746,1
211.6,-80.2,1146988761,1
280.9,-166.3,1146988790,1
396.5,-63.5,1146988810,1
482.5, 49.6,1146988836,1
723.1,312.1,1146988847,1
763.9,371.6,1146988891,1
774.1,403.2,1146988922,1
776.4,462.7,1146988943,1
777.6,491.6,1146988960,1
621.3,354.5,1146988978,1
628.5,361.6,1146988987,1
201.3,166.6,1146988999,1
205.1,173.7,1146989027,1
101.5,140.9,1146989041,1
252.8,190.7,1146989056,1
265.1,194.3,1146989070,1
191.6,150.3,1146989088,1
215.8,146.8,1146989102,1
244.1,151.8,1146989117,1
138.5,120.2,1146989132,1
170.3,130.4,1146989149,1
 88.9, 65.4,1146989179,1
171.6,104.2,1146989193,1
183.9, 82.3,1146989211,1
420.7,-84.1,1146989230,1
542.5,-16.6,1146989246,1
569.9,-30.8,1146989263,1
540.4,-93.6,1146989278,1
563.5,-44.3,1146989293,1
581.7, -5.7,1146989312,1
757.7,370.8,1146989362,1
741.5,331.8,1146989378,1
740.4,328.9,1146989397,1
722.1,288.3,1146989408,1
619.0,116.4,1146989418,1
702.5,251.0,1146989431,1
690.8,246.1,1146989450,1
679.4,295.2,1146989476,1
505.7,227.4,1146989493,1
472.0,166.6,1146989512,1
451.4,155.1,1146989527,1
244.1,  3.4,1146989544,1
249.5, 17.3,1146989557,1
265.6, 30.5,1146989570,1
155.0, 10.1,1146989579,1
172.4, 46.1,1146989591,1
 55.8, 46.2,1146989623,1
115.6, 99.7,1146989637,1
 72.9, 77.6,1146989651,1
 53.3, 69.9,1146989666,1
136.5, 92.6,1146989689,1
 98.6, 70.4,1146989706,1
391.0,-123.4,1146989721,1
512.2, 19.6,1146989737,1
484.4, 45.8,1146989754,1
575.7, 71.9,1146989795,1
600.0, 62.3,1146989810,1
582.6, 57.8,1146989841,1
583.6, 58.7,1146989855,1
592.6, 56.6,1146989871,1
589.5, 65.1,1146989886,1
651.6,215.7,1146989901,1
526.4,212.0,1146989915,1
-43.2,  1.5,1146989945,1
-58.7,-62.8,1146989959,1
234.6, 75.3,1146989973,1
196.3, 33.4,1146989986,1
281.8, 56.6,1146989999,1
257.4, 38.3,1146990015,1
199.7, 12.5,1146990030,1
203.2, 21.2,1146990045,1
162.5, 30.4,1146990077,1
-12.3, 13.5,1146990090,1
-20.7, 15.9,1146990104,1
-80.7,  9.1,1146990119,1
-138.5, 11.9,1146990133,1
-162.6, 15.0,1146990150,1
-182.1, 22.4,1146990189,1
-202.6, 30.2,1146990206,1
-197.7, 33.3,1146990236,1
-210.7, 16.2,1146990246,1
-220.1,  3.0,1146990258,1
-224.4, -2.6,1146990271,1
-204.8, -5.5,1146990287,1
-163.0,-15.3,1146990304,1
-162.5,-15.4,1146990317,1
 31.2, 25.6,1146990332,1
 59.3, 35.0,1146990351,1
282.2, 81.0,1146990378,1
291.0,120.3,1146990408,1
318.5,155.8,1146990422,1
299.5,140.1,1146990439,1
262.9,126.7,1146990453,1
284.9,168.2,1146990468,1
123.7,112.0,1146990483,1
 66.5, 91.2,1146990499,1
-43.3,100.9,1146990529,1
 55.3,105.8,1146990543,1
 22.3, 71.6,1146990556,1
-14.2, 60.7,1146990573,1
222.2, 87.1,1146990588,1
259.8, 84.8,1146990602,1
268.4, 85.8,1146990618,1
278.9, 77.7,1146990633,1
285.1, 72.5,1146990649,1
288.7, 72.4,1146990683,1
222.5, 47.1,1146990692,1
372.6, -4.3,1146990722,1
651.2,-66.8,1146990737,1
833.5,-32.8,1146991316,1
833.5,-32.8,1146991329,1
826.5,  3.6,1146991357,1
825.6,  8.3,1146991370,1
823.5, 27.1,1146991405,1
829.1, 98.9,1146991447,1
816.2, -1.1,1146991455,1
802.2,-106.2,1146991501,1
802.2,-106.2,1146991535,1
802.2,-106.2,1146991548,1
911.8,-107.8,1146991678,1
911.8,-107.8,1146991693,1
911.8,-107.8,1146991725,1
911.8,-107.8,1146991759,1
911.8,-107.8,1146991773,1
911.8,-107.8,1146991802,1
864.1, 83.6,1146991897,1
864.1, 83.6,1146991953,1
864.1, 83.6,1146992029,1
768.9,-124.2,1146992522,1
768.9,-124.2,1146992539,1
734.6,-123.0,1146992569,1
730.3,-122.8,1146992585,1
714.8,-122.3,1146992631,1
714.8,-122.3,1146992657,1
714.8,-122.3,1146992677,1
657.2,-116.7,1146992711,1
251.8,-77.3,1146992731,1
196.4,-65.7,1146992748,1
109.0,-37.0,1146992761,1
135.6,-25.9,1146992799,1
280.6,-77.1,1146992815,1
505.2, 20.6,1146992831,1
410.9,-126.2,1146992847,1
594.6,-160.5,1146992862,1
534.1,-100.7,1146992879,1
573.4,-135.3,1146992896,1
624.0,-151.2,1146992912,1
699.7,-164.5,1146992960,1
647.5,-130.1,1146992976,1
483.1,-36.4,1146992991,1
619.6,-111.1,1146993004,1
522.0,-49.1,1146993017,1
420.8,-25.7,1146993031,1
351.5, -0.3,1146993049,1
268.9, 23.0,1146993078,1
272.5, 24.8,1146993095,1
310.5, 47.3,1146993110,1
438.8,158.8,1146993123,1
431.4,165.9,1146993152,1
413.1,163.3,1146993168,1
 89.0,-30.6,1146993200,1
-23.7,-94.3,1146993242,1
-64.8,-120.3,1146993272,1
-68.5,-122.6,1146993286,1
  0.3,-113.2,1146993345,1
714.5,163.7,1146993381,1
736.1,179.9,1146993407,1
670.0,130.5,1146993436,1
760.2,204.4,1146993450,1
764.5,398.3,1146993464,1
938.9,600.0,1146993498,1
1063.0,675.1,1146993542,1
1187.2,769.9,1146993563,1
1024.4,621.9,1146993579,1
1012.7,603.5,1146993597,1
913.0,497.1,1146993616,1
946.6,541.1,1146993648,1
748.1,451.4,1146993658,1
813.5,492.8,1146993680,1
966.7,599.6,1146993692,1
956.2,602.1,1146993706,1
942.1,596.3,1146993720,1
909.2,551.4,1146993736,1
891.2,534.4,1146993765,1
802.8,456.6,1146993782,1
790.6,442.3,1146993798,1
662.9,341.2,1146993832,1
682.9,339.3,1146993842,1
687.1,325.3,1146993855,1
661.8,327.0,1146993871,1
536.1,298.6,1146993900,1
547.2,310.1,1146993917,1
498.0,317.9,1146993991,1
511.9,266.0,1146994005,1
518.9,239.8,1146994021,1
536.7,244.8,1146994053,1
585.4,255.8,1146994106,1
590.4,303.8,1146994161,1
584.1,295.5,1146994207,1
426.8,219.2,1146994238,1
439.7,-203.8,1146994330,1
724.9,-153.4,1146994770,1
825.3,-90.3,1146994815,1
599.4,284.4,1146994890,1
940.7,185.5,1147002886,2
964.8,436.5,1147002916,2
968.5,450.0,1147002929,2
982.1,486.7,1147002978,2
967.2,504.8,1147003020,2
898.2,272.1,1147003033,2
917.6,241.8,1147003050,2
895.9,175.5,1147003065,2
886.9,172.9,1147003081,2
885.0,214.8,1147003095,2
911.0,264.8,1147003126,2
924.4,251.8,1147003141,2
897.7,256.2,1147003171,2
884.0,280.5,1147003185,2
778.1,302.3,1147003216,2
735.0,343.4,1147003232,2
722.8,368.1,1147003282,2
733.0,354.9,1147003292,2
744.1,366.6,1147003322,2
867.7, 74.7,1147003337,2
812.1,207.6,1147003368,2
1226.9,289.3,1147003839,2
1271.7,123.8,1147003888,2
1271.7,123.8,1147003902,2
1271.7,123.8,1147003918,2
1271.7,123.8,1147003928,2
1294.1,102.7,1147003952,2
1370.9,-14.8,1147003967,2
1357.1, -9.7,1147003981,2
1372.5,-24.1,1147003996,2
1278.1,-36.7,1147004043,2
1264.3,-51.6,1147004058,2
1271.6,-54.3,1147004073,2
1360.1,-63.4,1147004087,2
1266.8,121.0,1147004103,2
1177.5,252.0,1147004133,2
1179.9,288.5,1147004149,2
1159.5,419.0,1147004182,2
1157.3,420.4,1147004192,2
1126.0,451.4,1147004223,2
1097.3,330.1,1147004252,2
1070.3,363.4,1147004266,2
1050.9,316.3,1147004298,2
1001.8,310.7,1147004328,2
1012.6,317.9,1147004355,2
1046.6,344.4,1147004371,2
1021.2,327.1,1147004386,2
1027.9,303.5,1147004403,2
1035.5,293.9,1147004416,2
1034.6,305.0,1147004431,2
1024.9,304.7,1147004494,2
987.2,294.7,1147004543,2
985.1,291.4,1147004587,2
907.0,268.0,1147004655,2
876.2,259.8,1147004669,2
886.3,210.1,1147004686,2
929.4, 55.3,1147004714,2
977.7,113.2,1147004810,2
977.7,113.2,1147004826,2
936.8,297.4,1147004841,2
935.9,297.4,1147004860,2
995.5,245.8,1147004876,2
1005.6,242.8,1147004893,2
985.5,264.8,1147004912,2
975.5,315.1,1147004953,2
925.7,386.3,1147004967,2
959.9,360.5,1147004985,2
905.3,450.6,1147005025,2
904.9,453.3,1147005053,2
901.9,457.5,1147005105,2
1159.0,197.6,1147005151,2
809.3,315.0,1147005235,2
822.1,324.6,1147005251,2
838.5,356.1,1147005267,2
836.3,347.4,1147005284,2
840.6,364.7,1147005319,2
840.9,365.9,1147005331,2
1085.5,441.1,1147005345,2
1160.1,466.9,1147005377,2
1108.6,504.0,1147005392,2
1073.4,500.6,1147005407,2
1034.6,460.4,1147005422,2
1026.2,462.7,1147005437,2
923.3,537.0,1147005464,2
936.6,531.3,1147005480,2
882.2,594.8,1147005530,2
903.7,624.7,1147005557,2
934.2,688.6,1147005573,2
921.1,682.3,1147005601,2
846.4,627.4,1147005615,2
778.1,425.6,1147005629,2
709.3,1457.2,1147006030,2
881.9,653.5,1147006079,2
844.8,475.7,1147006111,2
822.3,425.1,1147006162,2
906.5,225.7,1147006225,2
919.8,329.4,1147006255,2
912.8,325.4,1147006296,2
929.8,337.8,1147006313,2
932.7,341.0,1147006330,2
931.4,337.7,1147006348,2
931.7,338.4,1147006362,2
925.7,340.4,1147006378,2
914.4,340.5,1147006395,2
893.3,352.1,1147006412,2
887.9,359.5,1147006457,2
871.6,403.0,1147006471,2
896.7,337.7,1147006487,2
925.3,250.2,1147006501,2
930.2,214.3,1147006516,2
931.0,206.0,1147006532,2
929.0,191.0,1147006555,2
922.8,167.2,1147006577,2
908.9,175.0,1147006593,2
913.3,173.6,1147006607,2
929.0,180.9,1147006638,2
928.9,188.1,1147006653,2
930.2,196.1,1147006668,2
915.4,210.2,1147006683,2
907.4,231.4,1147006698,2
923.1,258.4,1147006725,2
917.9,254.6,1147006741,2
927.4,281.7,1147006758,2
922.7,284.3,1147006771,2
922.5,288.6,1147006787,2
911.1,287.8,1147006802,2
920.5,290.3,1147006816,2
947.9,301.8,1147006832,2
951.3,228.8,1147006848,2
956.5,228.2,1147006879,2
946.6,199.6,1147006891,2
940.5,127.7,1147006927,2
913.4, 79.7,1147006936,2
904.9, 77.4,1147006968,2
872.4,  5.9,1147006982,2
851.7,  3.8,1147007027,2
805.9,-115.1,1147007054,2
805.8,-115.1,1147007070,2
799.7,-116.7,1147007100,2
819.2,-99.4,1147007114,2
878.3,-37.5,1147007129,2
894.6,156.4,1147007145,2
861.4,141.9,1147007175,2
845.2,121.8,1147007191,2
857.1, 74.7,1147007206,2
846.7,119.6,1147007222,2
843.6, 73.2,1147007236,2
847.2, 46.7,1147007251,2
858.1, 27.4,1147007268,2
789.0,159.9,1147007282,2
796.0,151.5,1147007297,2
785.0,123.5,1147007332,2
805.3,125.0,1147007341,2
785.9,103.2,1147007356,2
791.8,116.7,1147007372,2
830.2, 88.5,1147007387,2
838.9, 70.4,1147007402,2
802.9, 79.7,1147007416,2
862.0,165.2,1147007432,2
834.1,154.1,1147007447,2
817.7,175.3,1147007477,2
718.9,139.8,1147007493,2
795.7,  0.3,1147007506,2
812.8, 29.5,1147007520,2
742.5,-24.3,1147007551,2
840.8, 41.8,1147007566,2
804.0, 37.1,1147007581,2
675.3, 61.0,1147007600,2
647.6, 24.1,1147007628,2
629.1, 36.4,1147007641,2
746.0,101.2,1147007656,2
726.9,102.1,1147007672,2
606.0,  1.3,1147007687,2
777.1,-31.1,1147007702,2
731.7,-27.9,1147007716,2
717.0,-15.5,1147007731,2
727.3,-27.3,1147007745,2
775.5,-27.1,1147007781,2
380.9,103.6,1147007821,2
387.6,416.3,1147007866,2
832.7,498.0,1147008284,2
549.8,177.9,1147008315,2
687.9,192.9,1147008330,2
677.4,191.9,1147008377,2
678.4,141.0,1147008405,2
197.2,-126.6,1147008420,2
184.7,-168.9,1147008452,2
570.0,-53.9,1147008466,2
943.2,118.8,1147008496,2
957.8,148.6,1147008544,2
941.1,212.9,1147008563,2
1065.3,174.7,1147008597,2
1076.4,149.2,1147008614,2
1084.0,140.1,1147008647,2
1029.3,244.0,1147008663,2
1037.3,355.3,1147008724,2
1044.6,393.5,1147008739,2
1010.0,393.9,1147008767,2
980.6,342.3,1147008781,2
984.9,369.3,1147008828,2
966.6,372.5,1147008856,2
965.4,371.0,1147008870,2
973.3,392.7,1147008901,2
971.3,395.9,1147008916,2
947.9,407.9,1147008948,2
942.3,445.2,1147008990,2
953.2,457.8,1147009005,2
951.4,439.9,1147009034,2
939.9,382.6,1147009049,2
952.5,362.0,1147009080,2
966.8,361.4,1147009095,2
999.0,326.5,1147009129,2
980.0,315.2,1147009171,2
989.7,296.2,1147009184,2
959.6,306.5,1147009217,2
972.6,322.8,1147009231,2
1031.6,347.2,1147009314,2
1120.5,112.3,1147009357,2
983.0,228.5,1147009404,2
869.7,355.7,1147009452,2
922.3,318.9,1147009465,2
984.0,338.6,1147009481,2
1076.5,431.3,1147009498,2
997.4,409.8,1147009513,2
1020.2,419.6,1147009541,2
1007.3,361.7,1147009557,2
939.8,378.4,1147009602,2
860.9,303.7,1147009667,2
780.7, 96.3,1147009741,2
1000.0, 16.7,1147009771,2
906.7,128.9,1147009786,2
887.0,178.1,1147009801,2
899.1,163.4,1147009817,2
888.5,199.2,1147009831,2
776.8,404.9,1147009848,2
788.0,410.2,1147009878,2
903.9,531.8,1147009920,2
995.6,423.8,1147009936,2
818.1,479.2,1147009966,2
865.1,579.0,1147009982,2
957.3,252.0,1147010040,2
1075.2,-204.3,1147010072,2
831.8,508.8,1147010797,2
604.3,512.1,1147010841,2
682.4,521.9,1147010883,2
862.3,341.5,1147010929,2
779.1,223.5,1147010970,2
810.7,198.3,1147010984,2
940.2,123.8,1147011015,2
931.2,217.3,1147011029,2
938.9,221.2,1147011076,2
962.8,141.3,1147011105,2
1024.4,-80.9,1147011120,2
1000.8,-51.2,1147011168,2
914.5,290.2,1147011203,2
1174.6,158.0,1147011271,2
1265.1,130.6,1147011307,2
965.7,409.4,1147011401,2
871.2, 11.0,1147011419,2
871.2, 11.0,1147011429,2
1050.9, 28.6,1147011437,2
923.6, 16.1,1147011464,2
1017.6,201.9,1147011479,2
1083.3,-43.3,1147011539,2
1236.7,-199.1,1147011555,2
1138.1,-12.9,1147011600,2
1089.4, 78.1,1147011613,2
1073.9, 93.9,1147011645,2
1003.7,153.4,1147011675,2
960.4,194.6,1147011704,2
949.2,266.4,1147011719,2
999.3,311.7,1147011765,2
1010.9,329.8,1147011805,2
970.3,398.2,1147011853,2
964.1,424.0,1147011872,2
1034.0,540.5,1147011893,2
1025.3,522.9,1147011908,2
1022.1,512.8,1147011948,2
969.9,510.6,1147011992,2
964.0,530.9,1147012006,2
988.9,523.5,1147012034,2
984.1,539.0,1147012082,2
988.4,496.9,1147012108,2
1028.6,486.9,1147012145,2
1024.9,473.3,1147012178,2
1061.4,469.8,1147012222,2
1061.8,470.0,1147012235,2
793.0,271.8,1147012283,2
799.8,199.9,1147012304,2
786.2,177.2,1147012321,2
693.9,166.4,1147012351,2
657.4,169.5,1147012367,2
685.2,238.2,1147012395,2
781.9,290.6,1147012442,2
807.4,305.2,1147012456,2
1122.3,454.3,1147012485,2
521.2,102.6,1147012501,2
479.6, 87.9,1147012530,2
403.8,-51.8,1147012545,2
406.1, -6.2,1147012593,2
126.0,-195.4,1147012646,2
173.1,-174.4,1147012661,2
112.6,-195.6,1147012687,2
110.6,-193.6,1147012742,2
193.9,-150.5,1147012788,2
247.6,-126.7,1147012817,2
247.6,-126.7,1147012831,2
247.6,-126.7,1147012876,2
240.2,-137.7,1147012906,2
208.8,-184.0,1147012920,2
204.2,-198.2,1147012951,2
334.0,-97.9,1147012966,2
499.5,-11.7,1147012994,2
776.1,132.8,1147013041,2
1011.9,286.1,1147013055,2
1004.0,292.8,1147013086,2
964.5,299.1,1147013129,2
878.2,308.5,1147013144,2
853.6,314.3,1147013182,2
878.1,303.5,1147013192,2
1135.0,148.6,1147013220,2
1102.9,171.5,1147013234,2
1161.1,135.5,1147013265,2
1457.8,-11.5,1147013325,2
1232.2,121.1,1147013355,2
1075.5,249.3,1147013370,2
1121.6,237.6,1147013401,2
1172.0,164.6,1147013416,2
1128.3,209.4,1147013448,2
1135.6,195.1,1147013490,2
1198.3,121.8,1147013504,2
1183.0,132.5,1147013519,2
1026.2,237.7,1147013535,2
1090.7,191.2,1147013550,2
949.2,214.0,1147013580,2
1042.7,181.7,1147013595,2
1244.3,-128.8,1147014054,2
1244.3,-128.8,1147014090,2
1202.6, 11.2,1147014106,2
1209.8, 15.9,1147014120,2
1144.6, 84.6,1147014133,2
1130.5,126.1,1147014143,2
1027.8,204.4,1147014165,2
1248.3,111.1,1147014236,2
1374.5, 34.7,1147014267,2
1358.0, 44.7,1147014283,2
743.8,151.5,1147014313,2
821.6,320.6,1147014391,2
812.2,269.8,1147014436,2
836.8,244.0,1147014480,2
847.6,232.6,1147014493,2
1022.6,242.0,1147014532,2
1091.2,243.4,1147014555,2
1042.0,207.3,1147014568,2
1025.1,210.8,1147014586,2
1037.3,211.0,1147014630,2
1060.3,116.3,1147014696,2
1008.5,160.5,1147014728,2
958.6,238.2,1147014757,2
870.6,301.6,1147014796,2
893.5,315.5,1147014841,2
971.1,278.1,1147014855,2
1021.5,254.7,1147014900,2
876.7,245.9,1147014930,2
786.0,240.7,1147014994,2
804.7,259.6,1147015021,2
811.5,251.6,1147015065,2
799.5,249.3,1147015155,2
752.6,232.8,1147015246,2
703.9,255.0,1147015290,2
703.9,255.0,1147015304,2
698.8,266.8,1147015335,2
697.5,270.0,1147015350,2
680.9,376.0,1147015365,2
671.7,375.4,1147015382,2
853.0,608.8,1147015446,2
854.5, 39.2,1147015935,2
854.5, 39.2,1147015964,2
981.3, 94.0,1147015980,2
1061.5,136.4,1147016028,2
1045.3,344.4,1147016054,2
955.0,795.2,1147016069,2
956.2,692.0,1147016083,2
831.4,540.1,1147016100,2
881.0,414.4,1147016116,2
837.2,353.9,1147016146,2
888.6,425.2,1147016192,2
928.6,271.6,1147016207,2
891.4,393.3,1147016235,2
808.2,515.8,1147016279,2
715.8,661.4,1147016347,2
841.7,655.0,1147016378,2
1033.2,452.6,1147016401,2
993.2,513.6,1147016437,2
1026.8,307.4,1147016497,2
984.2,302.9,1147016517,2
965.7,285.4,1147016535,2
780.5,288.1,1147016565,2
801.7,312.6,1147016590,2
809.5,322.4,1147016608,2
873.7,366.5,1147016641,2
888.6,354.7,1147016656,2
955.7,281.3,1147016686,2
971.5,165.2,1147016700,2
925.1,222.8,1147016730,2
915.2,166.1,1147016746,2
897.7,153.8,1147016780,2
874.2,307.1,1147016791,2
894.4,319.6,1147016805,2
918.4,240.8,1147016822,2
941.2,193.6,1147016865,2
838.6,359.2,1147016962,2
891.1,443.3,1147017004,2
862.5,434.9,1147017045,2
857.5,336.6,1147017075,2
858.3,262.5,1147017089,2
865.8,279.5,1147017103,2
977.0,224.5,1147017118,2
935.6,306.7,1147017135,2
1069.4,219.8,1147017165,2
1053.1,209.0,1147017180,2
1039.3,203.8,1147017194,2
912.3, 28.9,1147017240,2
933.8, 72.1,1147017254,2
921.0, 38.7,1147017270,2
1001.4, 65.4,1147017284,2
931.7,  9.8,1147017314,2
936.7, 18.1,1147017330,2
979.2, 79.9,1147017346,2
1023.8,179.1,1147017376,2
1038.9,397.7,1147017404,2
1054.3,486.9,1147017420,2
1031.2,577.5,1147017450,2
989.6,439.2,1147017496,2
1243.6,143.6,1147017547,2
1141.3,262.0,1147017585,2
1157.2,245.3,1147017600,2
1142.9,224.5,1147017630,2
1391.5, 31.1,1147017644,2
1379.8, 84.3,1147017680,2
1225.1,247.1,1147017691,2
1124.4,368.0,1147017719,2
1091.1,350.9,1147017735,2
1032.1,294.2,1147017764,2
992.7,308.6,1147017855,2
999.3,288.9,1147017870,2
1039.6,270.7,1147017899,2
1045.8,275.2,1147017916,2
1024.2,306.1,1147017945,2
1177.2,338.9,1147017990,2
1113.6,346.0,1147018004,2
1174.7,321.6,1147018034,2
1083.7,358.0,1147018050,2
1065.1,355.4,1147018080,2
918.1,291.8,1147018096,2
843.0,247.8,1147018132,2
863.1,261.5,1147018143,2
853.3,272.2,1147018153,2
834.0,226.7,1147018170,2
827.8,209.5,1147018185,2
829.9,209.4,1147018215,2
610.6,317.4,1147019253,2
505.2,417.3,1147019298,2
583.2,456.2,1147019340,2
617.5,473.2,1147019355,2
938.5,289.3,1147019399,2
1100.4,217.0,1147019430,2
1144.1,221.9,1147019481,2
878.8,352.5,1147019520,2
753.3,411.5,1147019534,2
764.3,469.9,1147019547,2
775.8,530.9,1147019565,2
801.8,668.5,1147019579,2
819.7,763.0,1147019637,2
833.9,762.6,1147019657,2
803.0,511.8,1147019701,2
813.3,581.9,1147019715,2
972.6,283.7,1147019790,2
956.4,400.3,1147019849,2
907.1,374.8,1147019869,2
726.8,-188.0,1147020022,2
726.8,-188.0,1147020037,2
726.8,-188.0,1147020083,2
726.8,-188.0,1147020155,2
468.1, 87.9,1147020650,2
512.1,754.1,1147020797,2
649.1,643.1,1147021009,2
737.6,534.2,1147021056,2
1060.3,609.6,1147021087,2
962.6,586.8,1147021098,2
918.3,579.4,1147021145,2
1041.9,586.0,1147021160,2
968.9,438.4,1147021184,2
910.5,-76.7,1147021229,2
1028.4,239.3,1147021296,2
981.7,240.8,1147021304,2
974.0,191.8,1147021320,2
934.4, 96.2,1147021334,2
933.8, 34.2,1147021365,2
844.3,-127.1,1147021380,2
859.9,-83.5,1147021427,2
834.9,-103.2,1147021439,2
810.7, 34.4,1147021454,2
806.6,-32.0,1147021469,2
804.0,-116.4,1147021483,2
686.6, -9.6,1147021499,2
675.0, -1.0,1147021514,2
719.3, 11.0,1147021545,2
722.4, 10.5,1147021590,2
727.5, -1.9,1147021605,2
773.1,-133.1,1147021635,2
697.3, 13.3,1147021649,2
721.9,-34.2,1147021680,2
817.7,-167.5,1147021731,2
821.1,-166.5,1147021741,2
825.1,-165.3,1147021769,2
701.0, 74.0,1147021814,2
713.0, 70.0,1147021832,2
945.0,116.1,1147021878,2
1093.6,201.7,1147021905,2
1094.4,193.1,1147021920,2
1055.2,200.4,1147021950,2
1061.9,195.4,1147021964,2
999.3,191.1,1147021995,2
1161.8,227.8,1147022042,2
1134.8,237.6,1147022056,2
1119.3,288.4,1147022085,2
1104.8,305.8,1147022102,2
1061.3,311.8,1147022130,2
1051.7,286.9,1147022145,2
1035.2,269.0,1147022179,2
1030.3,261.8,1147022191,2
952.5, 32.4,1147022220,2
940.5, 15.8,1147022235,2
1138.7,256.2,1147022266,2
1121.6,242.8,1147022281,2
1105.7,238.9,1147022296,2
1059.4,315.7,1147022327,2
1008.7,406.5,1147022339,2
1024.8,477.8,1147022355,2
1033.9,476.0,1147022371,2
1149.1,536.1,1147022384,2
1104.5,444.5,1147022400,2
1125.2,475.9,1147022414,2
1101.0,546.3,1147022429,2
1106.0,521.8,1147022444,2
1035.8,566.4,1147022477,2
1021.5,548.4,1147022493,2
1039.5,567.8,1147022507,2
1052.7,563.2,1147022535,2
994.5,466.2,1147022551,2
980.4,456.9,1147022580,2
953.8,423.9,1147022605,2
914.9,353.1,1147022652,2
812.9,173.6,1147022669,2
984.7,370.4,1147022685,2
873.8,198.5,1147022706,2
900.6,237.7,1147022724,2
874.0,241.9,1147022742,2
835.7,196.8,1147022761,2
824.1,451.9,1147022803,2
862.5,629.9,1147022823,2
820.9,299.9,1147022842,2
787.3, 69.6,1147022857,2
765.2, 61.4,1147022873,2
784.9, 95.6,1147022885,2
753.9,135.7,1147022897,2
673.5,268.2,1147022925,2
704.3,213.4,1147022941,2
668.3,154.8,1147022986,2
671.6, 39.6,1147023001,2
647.2,-105.9,1147023029,2
646.3,-106.6,1147023046,2
733.8, 26.5,1147023078,2
782.7,112.4,1147023091,2
794.6,221.5,1147023150,2
664.0,146.8,1147023254,2
716.5, 86.3,1147023378,2
737.8, 23.1,1147023422,2
720.7,-21.6,1147023469,2
802.7,304.8,1147023752,2
937.6,274.0,1147023765,2
903.1,242.6,1147023778,2
861.7,215.3,1147023795,2
865.3,192.8,1147023826,2
836.9,157.0,1147023854,2
832.8,136.1,1147023870,2
822.9, 87.1,1147023899,2
685.5,-97.1,1147023928,2
696.6,-83.3,1147023949,2
905.2,  0.2,1147024029,2
960.5, 33.3,1147024045,2
988.9,141.7,1147024144,2
1012.9,196.4,1147024163,2
993.7,218.2,1147024172,2
1035.9,241.6,1147024199,2
1051.5,245.9,1147024254,2
1161.3, 50.7,1147024313,2
1132.0,-44.1,1147024323,2
1134.7,-24.8,1147024339,2
1143.1, 28.1,1147024351,2
1140.2, 58.4,1147024380,2
1143.8, 73.6,1147024395,2
1144.2, 87.3,1147024430,2
1072.7, 25.0,1147024471,2
775.7,760.7,1147024879,2
871.7,-83.1,1147032900,3
891.5,-87.9,1147032914,3
852.0,-94.4,1147032928,3
906.0,-21.5,1147032944,3
956.9, 13.1,1147032978,3
954.4, 36.6,1147032990,3
904.6, 93.6,1147033004,3
928.4,141.1,1147033020,3
935.8,127.9,1147033050,3
945.4,178.3,1147033098,3
982.0,331.6,1147033140,3
977.6,316.8,1147033157,3
930.4, 84.0,1147033200,3
766.0,-120.7,1147033229,3
735.3,-125.7,1147033244,3
596.5,-46.4,1147033749,3
803.6,337.4,1147033767,3
732.5,190.1,1147033811,3
703.6,130.2,1147033845,3
695.1,169.4,1147033860,3
778.7,386.8,1147033911,3
897.1,386.2,1147033930,3
1013.6,337.6,1147033975,3
962.7,371.7,1147033991,3
958.9,447.7,1147034046,3
1028.6,383.1,1147034062,3
1169.8,327.3,1147034083,3
1190.5,310.4,1147034131,3
1179.3,255.1,1147034188,3
1179.3,255.1,1147034204,3
878.3,-28.6,1147034221,3
1113.2,-129.3,1147034235,3
1237.2,-102.6,1147034251,3
1283.2,-75.4,1147034265,3
1268.3,-53.9,1147034297,3
1239.2,-103.4,1147034306,3
1230.2,-84.3,1147034340,3
1196.1,-124.4,1147034355,3
1191.3,108.7,1147034386,3
1202.4,182.4,1147034401,3
1140.8,136.0,1147034432,3
1189.0,137.3,1147034447,3
1139.2,187.5,1147034476,3
1188.5,234.3,1147034492,3
1176.3,284.1,1147034505,3
1147.7,303.6,1147034520,3
1032.0,347.4,1147034533,3
1044.9,345.8,1147034549,3
1055.2,324.0,1147034565,3
989.3,332.0,1147034593,3
982.0,322.5,1147034626,3
979.2,302.1,1147034655,3
958.3,343.9,1147034669,3
1095.0,307.1,1147034684,3
1130.3,272.9,1147034700,3
1322.2,222.8,1147034728,3
1324.4,256.2,1147034778,3
1303.3,334.0,1147034789,3
1292.8,321.5,1147034807,3
1254.4,306.2,1147034819,3
1277.5,193.9,1147034834,3
1259.8,215.5,1147034848,3
1246.1,230.3,1147034864,3
1197.9,215.2,1147034946,3
1187.8,211.9,1147034962,3
1179.8,220.5,1147034977,3
1137.2,244.2,1147034993,3
1028.7,289.7,1147035006,3
1007.2,298.4,1147035015,3
954.7,381.9,1147035029,3
965.3,443.3,1147035044,3
919.2,415.6,1147035075,3
929.9,516.5,1147035090,3
886.9,530.1,1147035119,3
889.2,535.9,1147035135,3
1176.8,127.6,1147035836,3
1007.3,432.3,1147035867,3
1112.8,283.6,1147035883,3
1061.9,338.0,1147035916,3
1163.6,289.7,1147035935,3
1088.8,402.8,1147035954,3
1082.8,414.1,1147035993,3
1095.3,392.1,1147036014,3
1205.7,327.1,1147036028,3
1233.0,170.4,1147036047,3
1414.7,150.7,1147036063,3
1473.4,158.5,1147036080,3
1520.5,151.1,1147036096,3
1441.4,162.3,1147036106,3
1421.4,172.9,1147036155,3
1255.1,279.0,1147036170,3
1238.6,253.2,1147036186,3
1224.9,292.3,1147036201,3
1224.1,254.9,1147036232,3
1279.5,239.4,1147036248,3
1248.0,274.1,1147036257,3
1271.7,256.1,1147036279,3
1253.9,274.6,1147036290,3
1268.1,272.8,1147036304,3
1248.8,306.8,1147036319,3
1229.2,320.1,1147036335,3
1249.8,275.7,1147036349,3
1243.1,272.5,1147036365,3
1223.1,350.8,1147036379,3
1225.7,344.1,1147036395,3
1229.6,362.2,1147036425,3
1235.1,357.8,1147036439,3
1275.7,218.4,1147036454,3
1317.3, 69.4,1147036470,3
1327.2, 27.6,1147036500,3
1313.4,142.9,1147036529,3
1517.5,338.7,1147036545,3
1576.6, 36.9,1147036580,3
1556.8,230.9,1147036591,3
1510.9,249.7,1147036621,3
1423.8,186.4,1147036636,3
1285.8,231.5,1147036680,3
1323.9,180.7,1147036734,3
1299.7,196.3,1147036763,3
1218.4,281.1,1147036781,3
1175.2,373.3,1147036796,3
1170.1,399.2,1147036807,3
1163.3,443.4,1147036817,3
1159.6,373.5,1147036828,3
1109.5,250.9,1147036846,3
1097.2,180.6,1147036889,3
1221.0,194.8,1147036906,3
1156.4,287.9,1147036933,3
1223.8,220.3,1147036949,3
1302.0,138.5,1147036980,3
1434.9,111.7,1147036994,3
1544.9, 60.7,1147037030,3
1264.2, 79.4,1147037040,3
1141.6, 24.1,1147037070,3
933.7,-37.7,1147037124,3
1026.8,-15.1,1147037135,3
1132.9,-137.6,1147037145,3
1171.4,-155.2,1147037176,3
1356.4, 99.5,1147037203,3
1369.2,116.2,1147037218,3
1307.4,130.4,1147037257,3
560.4,258.0,1147037302,3
1060.0, -2.3,1147038190,3
539.8,570.6,1147038211,3
510.1,426.6,1147038259,3
576.0,501.7,1147038272,3
676.2,385.7,1147038296,3
837.1,218.7,1147038309,3
342.1,357.7,1147038334,3
504.8,285.9,1147038351,3
474.1,297.2,1147038381,3
508.1,295.5,1147038390,3
1102.0, 86.5,1147038419,3
1099.8,126.1,1147038434,3
1133.4,197.0,1147038464,3
1107.7,144.1,1147038480,3
1075.0,257.0,1147038527,3
770.0,509.9,1147038556,3
837.5,458.3,1147038571,3
860.6,567.4,1147038599,3
1107.8,591.1,1147038614,3
1342.3,624.3,1147038644,3
1345.0,643.3,1147038690,3
1322.8,656.2,1147038705,3
1120.8,307.6,1147038734,3
953.2,-108.1,1147038749,3
926.4, 69.5,1147038778,3
1014.8,309.6,1147038795,3
1045.9,304.1,1147038832,3
997.6,261.3,1147038842,3
1077.3,321.2,1147038869,3
1055.5,253.5,1147038884,3
1132.0,388.6,1147038912,3
1075.8,292.2,1147038928,3
1176.1,479.6,1147038977,3
862.1,315.3,1147039004,3
861.4,339.2,1147039018,3
862.7,316.0,1147039049,3
900.0,151.8,1147039063,3
867.5, 15.1,1147039093,3
929.7,135.5,1147039147,3
931.0, 46.7,1147039162,3
1059.9,328.5,1147039194,3
996.2,198.0,1147039207,3
879.4,316.7,1147039230,3
870.1,187.2,1147039248,3
816.8,299.7,1147039279,3
814.2,206.6,1147039290,3
798.6,247.8,1147039319,3
793.4, 66.1,1147039334,3
829.4,229.0,1147039364,3
797.6,443.1,1147039454,3
744.2,473.5,1147039500,3
744.2,473.5,1147039520,3
738.6, 58.9,1147039552,3
1081.7,1002.9,1147039589,3
1170.1,1262.3,1147039611,3
1227.7,1281.7,1147039627,3
1052.1,1680.4,1147040383,3
844.3,1200.5,1147040428,3
771.4,972.5,1147040460,3
736.6,884.8,1147040506,3
737.8,879.5,1147040519,3
1188.1,779.7,1147040529,3
1215.2,763.3,1147040539,3
1051.3,526.0,1147040550,3
1061.5,572.1,1147040564,3
1027.4,439.2,1147040580,3
1077.1,329.0,1147040597,3
1059.5, 86.3,1147040630,3
1064.1, 88.5,1147040639,3
1090.2,294.7,1147040649,3
1157.4,433.7,1147040666,3
1277.1,292.1,1147040679,3
1179.4,440.4,1147040693,3
1136.9,457.9,1147040713,3
1123.0,338.8,1147040729,3
1052.9,381.5,1147040746,3
936.8,445.8,1147040775,3
875.1,498.3,1147040788,3
1010.7,323.9,1147040804,3
1228.3,135.5,1147040818,3
1141.6,242.6,1147040833,3
1129.4,132.7,1147040849,3
1074.9,154.9,1147040864,3
866.6,339.3,1147040878,3
1056.1,393.4,1147040893,3
893.4,407.3,1147040925,3
947.5,400.5,1147040940,3
1121.6,257.0,1147040955,3
1158.6,219.5,1147040985,3
1131.9,208.8,1147041000,3
1183.2,418.5,1147041013,3
1186.8,453.2,1147041030,3
1176.5,424.3,1147041045,3
1245.0,647.3,1147041080,3
1209.9,441.5,1147041091,3
1212.8,445.7,1147041102,3
1229.1,269.8,1147041119,3
1230.5,267.5,1147041135,3
1309.0,534.7,1147041147,3
1230.9,373.5,1147041165,3
1194.3,347.3,1147041180,3
1249.3,468.0,1147041192,3
1259.0,505.1,1147041227,3
1187.3,390.4,1147041255,3
1135.3,321.6,1147041270,3
1112.5,321.7,1147041299,3
1108.2,313.9,1147041314,3
1127.2,288.6,1147041329,3
1115.5,274.6,1147041344,3
1093.9,304.3,1147041389,3
1111.7,323.8,1147041404,3
1317.6,710.8,1147041417,3
1178.3,431.6,1147041434,3
1257.8, 92.6,1147041449,3
1264.8,106.8,1147041495,3
1270.1,-16.2,1147041532,3
1289.7, 76.0,1147041543,3
1283.9, 51.4,1147041570,3
1305.2,173.6,1147041584,3
1266.3, 83.0,1147041614,3
1262.1,104.5,1147041629,3
1243.4,125.2,1147041683,3
996.4, 69.5,1147041711,3
1010.6,100.4,1147041727,3
1014.3,107.5,1147041753,3
1098.1,232.8,1147041770,3
1041.5, 56.3,1147041801,3
1083.7,138.2,1147041840,3
1240.5,468.2,1147041855,3
1306.4,644.9,1147041882,3
1267.1,366.4,1147041899,3
1316.2,388.9,1147041927,3
1340.8,335.0,1147041946,3
1104.2, 33.9,1147041976,3
1082.8, 33.3,1147041989,3
1234.7,163.0,1147042033,3
1345.2,278.7,1147042065,3
1532.2,476.4,1147042084,3
1503.5,492.5,1147042125,3
926.4, 22.6,1147042151,3
1008.9,-33.1,1147042167,3
973.2, 27.1,1147042186,3
1090.1,333.6,1147042205,3
1101.4,246.5,1147042220,3
1125.7,241.7,1147042252,3
1311.7,161.4,1147042285,3
1325.3,156.9,1147042297,3
1236.6, 47.8,1147042307,3
1186.4,  2.9,1147042334,3
1176.3, 13.0,1147042348,3
1151.8,  6.6,1147042379,3
1096.7,-36.7,1147042394,3
1207.0, 13.9,1147042429,3
1207.3, 13.8,1147042440,3
1123.4,-60.9,1147042468,3
1093.6,-85.7,1147042484,3
987.9,-172.0,1147042514,3
919.5,-174.8,1147042530,3
933.2,-174.2,1147042545,3
1342.1, 45.7,1147042576,3
1287.8, 60.7,1147042590,3
971.5, 13.1,1147042606,3
953.9, 11.9,1147042621,3
949.1, 19.3,1147042634,3
929.3,-20.1,1147042649,3
943.0,-36.9,1147042663,3
934.6,-62.6,1147042694,3
783.2,-110.2,1147042729,3
789.3,-101.2,1147042741,3
658.3,-93.4,1147042769,3
703.7,-134.7,1147042799,3
694.1,-125.6,1147042813,3
706.7,-119.7,1147042829,3
1138.0,-23.3,1147042844,3
1295.8,-12.4,1147042882,3
1308.3,-16.6,1147042891,3
1109.8,-52.6,1147042905,3
1018.9,-72.8,1147042920,3
1002.4,-60.9,1147042936,3
797.3, 42.3,1147042951,3
794.9, 61.0,1147042965,3
864.2, 73.6,1147042980,3
921.3,178.3,1147042998,3
926.1, 68.4,1147043026,3
951.2,223.6,1147043040,3
1056.1,325.1,1147043055,3
990.7,142.8,1147043069,3
1011.9,202.4,1147043084,3
1039.8,188.7,1147043114,3
1030.5,425.6,1147043128,3
1055.2,348.0,1147043144,3
1035.0,675.4,1147043174,3
1062.1,508.4,1147043190,3
1064.4,506.8,1147043205,3
1110.3,387.7,1147043234,3
1122.2,280.9,1147043248,3
1133.9,354.4,1147043262,3
1131.1,380.3,1147043280,3
1120.9,307.1,1147043297,3
1120.6,286.6,1147043328,3
1101.5,288.4,1147043342,3
1151.0,477.0,1147043351,3
1105.4,344.0,1147043370,3
1093.9,319.8,1147043385,3
1133.0,434.7,1147043397,3
1131.7,436.9,1147043414,3
1116.7,383.7,1147043429,3
1149.3,477.8,1147043444,3
1083.9,215.8,1147043476,3
1136.5,379.5,1147043487,3
1125.4,308.9,1147043504,3
1106.1,243.9,1147043520,3
1176.0,538.5,1147043532,3
1161.6,525.9,1147043548,3
1125.1,413.3,1147043564,3
1165.5,496.2,1147043577,3
1147.7,447.4,1147043594,3
1200.0,512.7,1147043623,3
1183.3,434.7,1147043639,3
1181.8,429.7,1147043656,3
1220.1,553.5,1147043668,3
1258.6,621.8,1147043683,3
1188.4,498.4,1147043701,3
1149.8,437.7,1147043714,3
1131.5,418.5,1147043729,3
1121.7,402.9,1147043746,3
986.6, 69.8,1147043779,3
1004.9,125.7,1147043791,3
1163.4,541.2,1147043803,3
1102.5,378.3,1147043821,3
1170.3,524.4,1147043847,3
1159.2,482.1,1147043864,3
1172.3,495.5,1147043880,3
1226.2,567.2,1147043894,3
1268.6,593.9,1147043927,3
1294.4,649.9,1147043938,3
1245.1,568.3,1147043954,3
1267.9,704.4,1147043987,3
1198.0,556.8,1147044001,3
1186.0,546.8,1147044013,3
1227.6,640.4,1147044027,3
1257.9,712.1,1147044045,3
1242.7,713.4,1147044075,3
1243.9,722.0,1147044089,3
1224.9,725.8,1147044103,3
1187.9,719.7,1147044119,3
1166.3,728.2,1147044134,3
1168.8,728.5,1147044179,3
1174.5,721.0,1147044194,3
1167.2,685.3,1147044228,3
1173.0,688.6,1147044241,3
1187.1,698.7,1147044257,3
1130.3,541.6,1147044273,3
1127.1,493.7,1147044287,3
1149.4,554.4,1147044298,3
1229.5,714.2,1147044314,3
1111.3,539.8,1147044329,3
1182.7,616.8,1147044344,3
1211.3,618.6,1147044377,3
1214.2,674.3,1147044389,3
1295.7,546.2,1147044405,3
1315.4,545.5,1147044421,3
1340.1,573.2,1147044432,3
1338.8,553.7,1147044449,3
1338.2,542.3,1147044468,3
1289.7,613.8,1147044477,3
1315.1,601.3,1147044493,3
1296.5,648.6,1147044524,3
1283.4,630.9,1147044541,3
1165.3,567.7,1147044557,3
1122.8,547.0,1147044567,3
1137.2,540.9,1147044584,3
1109.0,530.5,1147044599,3
1180.6,629.0,1147044612,3
1163.0,605.0,1147044629,3
1134.3,568.3,1147044644,3
1116.4,474.7,1147044678,3
1110.6,449.5,1147044691,3
1167.8,527.3,1147044702,3
1246.4,585.4,1147044718,3
1354.9,697.6,1147044763,3
1237.0,509.8,1147044779,3
1129.8,360.6,1147044827,3
1120.8,316.4,1147044854,3
1119.6,299.7,1147044873,3
1119.5,299.2,1147044883,3
1091.3,273.2,1147044899,3
1090.5,257.1,1147044914,3
1118.9,380.4,1147044927,3
1134.2,462.4,1147044943,3
1169.4,517.7,1147044975,3
1152.8,469.8,1147044989,3
1131.2,260.7,1147045006,3
1287.9,482.6,1147045017,3
1232.3,401.8,1147045034,3
1213.8,357.0,1147045048,3
1337.9,394.2,1147045063,3
1259.8,326.3,1147045079,3
1266.9,314.9,1147045095,3
1163.2,199.1,1147045129,3
1097.3,186.3,1147045141,3
1146.1,303.4,1147045152,3
1086.5,226.6,1147045168,3
1070.5,227.4,1147045183,3
1116.3,363.6,1147045197,3
1123.1,378.9,1147045215,3
1104.4,347.0,1147045230,3
1170.3,542.7,1147045246,3
1160.9,495.5,1147045276,3
1201.4,546.4,1147045290,3
1135.0,380.4,1147045304,3
1117.5,339.9,1147045319,3
1156.6,451.9,1147045334,3
1201.4,563.6,1147045349,3
1155.7,442.2,1147045366,3
1190.8,553.9,1147045379,3
1158.1,465.1,1147045396,3
1130.9,416.3,1147045425,3
1138.3,437.7,1147045440,3
1134.6,467.9,1147045455,3
1192.5,575.5,1147045469,3
1170.6,546.5,1147045483,3
1115.2,472.7,1147045498,3
1151.2,516.6,1147045513,3
1099.6,463.1,1147045529,3
1045.4,377.9,1147045544,3
979.3,278.0,1147045579,3
963.3,211.7,1147045591,3
948.5,141.2,1147045604,3
1008.8,252.5,1147045622,3
1023.4,296.8,1147045635,3
1166.1,503.2,1147045648,3
1096.1,441.8,1147045664,3
1087.1,443.1,1147045681,3
1115.2,476.6,1147045695,3
1135.3,488.2,1147045729,3
1156.0,504.2,1147045739,3
1155.2,497.3,1147045754,3
1052.6,323.9,1147045769,3
1105.5,421.2,1147045783,3
1125.7,495.2,1147045799,3
1078.9,424.7,1147045814,3
1099.9,418.0,1147045828,3
1082.6,370.5,1147045843,3
1069.2,344.0,1147045875,3
1053.1,333.3,1147045891,3
1017.7,326.4,1147045908,3
1011.2,352.1,1147045934,3
821.2,246.3,1147045951,3
826.9,369.6,1147045967,3
828.1,401.4,1147045980,3
828.0,282.3,1147045996,3
841.4,281.5,1147046029,3
926.9,298.6,1147046041,3
991.1,282.8,1147046069,3
1017.1,271.0,1147046084,3
1236.4,177.3,1147046113,3
1268.7,169.5,1147046130,3
1298.4,144.9,1147046144,3
1224.7,206.0,1147046179,3
1229.6,252.3,1147046189,3
1223.6,348.2,1147046203,3
1197.0,291.8,1147046219,3
1040.7,119.2,1147046234,3
1053.9,141.7,1147046248,3
1053.4,142.0,1147046263,3
1112.8,237.3,1147046279,3
1116.3,262.7,1147046293,3
1068.4,309.3,1147046341,3
1146.0,315.7,1147046356,3
1099.9,433.3,1147046386,3
1167.4,190.6,1147046400,3
1209.7, 22.9,1147046413,3
1175.3, 67.9,1147046428,3
1157.0, 92.3,1147046445,3
1151.1, 90.7,1147046479,3
1153.6, 92.7,1147046490,3
1108.7,119.1,1147046504,3
1011.4,162.5,1147046519,3
776.5,177.7,1147046535,3
1339.1,-187.3,1147046670,3
1339.1,-187.3,1147046699,3
1320.0,-159.3,1147046716,3
1307.4,-140.7,1147046730,3
1011.4,-177.9,1147046803,3
1003.1,-179.7,1147046835,3
947.7,-93.7,1147046849,3
910.8,-36.4,1147046865,3
885.1,  3.4,1147046893,3
860.3, 42.0,1147046927,3
860.3, 42.0,1147046940,3
860.3, 42.0,1147046955,3
860.3, 42.0,1147046984,3
862.9, 39.6,1147047028,3
918.0,-12.2,1147047043,3
956.2,-51.7,1147047076,3
951.9,-46.9,1147047105,3
957.6,-47.2,1147047134,3
959.5,-31.0,1147047152,3
965.9, 19.8,1147047180,3
966.1, 21.7,1147047196,3
966.0, 20.5,1147047241,3
947.4, 30.1,1147047255,3
932.4, 36.3,1147047283,3
942.1, 80.1,1147047299,3
897.3,-82.9,1147047329,3
934.7, 50.6,1147047378,3
1373.9, 42.9,1147048165,3
1373.9, 42.9,1147048186,3
1525.9,-78.6,1147048200,3
1566.8,-111.3,1147048228,3
1669.6,-64.8,1147048244,3
1672.8,-65.7,1147048279,3
1695.4,-103.4,1147048288,3
1713.8,-104.1,1147048317,3
1718.5,-108.9,1147048330,3
1727.0,-117.6,1147048374,3
1727.0,-117.6,1147048395,3
1636.8,  1.5,1147048412,3
1340.9,294.6,1147048463,3
1345.3,253.7,1147048500,3
1396.4,223.4,1147048515,3
1382.1,149.5,1147048531,3
1261.2,122.5,1147048548,3
1177.0, 84.5,1147048590,3
1166.2,103.4,1147048606,3
1014.7, 84.7,1147048635,3
1278.2, 40.6,1147048651,3
1110.7, 12.9,1147048680,3
1244.3, 28.2,1147048696,3
1178.1, -8.7,1147048727,3
1178.4, 40.4,1147048740,3
1230.1, 66.6,1147048769,3
1277.5, 81.8,1147048785,3
1139.2, 88.8,1147048814,3
1029.5,108.8,1147048829,3
962.8,121.1,1147048876,3
1042.7,207.9,1147048904,3
1027.6,190.8,1147048921,3
1090.4,220.8,1147048947,3
1280.8,282.4,1147048963,3
1276.7,278.4,1147048993,3
1231.5,287.2,1147049046,3
1189.6,287.8,1147049064,3
1187.2,306.1,1147049075,3
1175.2,360.8,1147049085,3
1182.3,313.4,1147049100,3
1204.1,300.0,1147049128,3
1204.1,362.3,1147049143,3
1244.7,603.9,1147049178,3
1310.8,640.7,1147049219,3
1318.9,664.5,1147049247,3
1335.4,863.3,1147049263,3
1319.0,658.0,1147049278,3
1129.1,148.7,1147049325,3
1146.9,170.5,1147049338,3
1169.3,290.7,1147049353,3
1166.4,271.4,1147049368,3
1177.0,322.3,1147049398,3
1045.2,109.6,1147049415,3
1133.8,293.1,1147049443,3
1238.4,488.9,1147049474,3
1168.1,358.8,1147049488,3
960.3,103.6,1147049504,3
918.9, 50.7,1147049518,3
943.3,135.8,1147049534,3
940.9, 36.9,1147049548,3
969.7,112.2,1147049562,3
996.2,182.7,1147049579,3
1013.9,195.6,1147049595,3
1064.7,215.9,1147049626,3
1062.9,217.6,1147049641,3
1181.4,301.6,1147049653,3
1224.0,290.1,1147049669,3
986.5, 78.6,1147049684,3
955.6, 44.3,1147049713,3
939.4, 11.2,1147049728,3
921.9, 49.8,1147049743,3
882.3,-51.5,1147049776,3
742.2,159.9,1147049789,3
770.4, 98.0,1147049804,3
814.7,  9.9,1147049818,3
780.7, 21.3,1147049848,3
837.5, 27.7,1147049864,3
852.0,128.4,1147049893,3
724.8,153.2,1147049927,3
653.4,240.2,1147049942,3
629.1,265.4,1147049954,3
1848.3,-210.5,1147050450,3
1315.9,376.4,1147050492,3
778.3,466.3,1147050528,3
636.1,472.3,1147050540,3
554.0,479.7,1147050570,3
972.9,123.0,1147050585,3
861.9,215.9,1147050599,3
688.0,102.2,1147050614,3
760.1, 78.5,1147050628,3
530.9,393.5,1147050641,3
731.4,407.0,1147050675,3
1069.5,174.1,1147050689,3
1084.1,203.7,1147050710,3
1094.3,169.8,1147050729,3
876.5, 39.8,1147050744,3
792.9,-93.6,1147050765,3
547.1,-41.6,1147050779,3
529.8,-54.5,1147050847,3
567.0,-32.6,1147050863,3
1084.6,348.3,1147050879,3
1037.9,481.4,1147050899,3
1029.2,298.8,1147050914,3
934.7,214.6,1147050930,3
1184.1, 13.8,1147050947,3
1134.2,-25.6,1147050957,3
1095.1,-91.5,1147050989,3
1273.7,-139.1,1147051007,3
1296.4,-140.9,1147051019,3
780.9,-56.2,1147051034,3
909.4,-88.9,1147051051,3
1039.9,-53.2,1147051064,3
874.8, 57.7,1147051073,3
1000.6, -0.4,1147051083,3
1035.4,  1.2,1147051096,3
983.6, 48.0,1147051125,3
1047.5, 89.6,1147051141,3
1001.7,123.3,1147051155,3
1147.7, 67.7,1147051170,3
1254.2, 13.5,1147051188,3
1219.2,-25.0,1147051200,3
1172.2,226.6,1147051216,3
1167.8, 79.6,1147051230,3
1170.2,123.0,1147051246,3
1226.5,377.4,1147051275,3
1216.3,287.0,1147051291,3
1124.0,-18.1,1147051305,3
1155.9,111.9,1147051335,3
1161.4,129.3,1147051381,3
1123.1,-80.0,1147051454,3
1104.1,-174.2,1147051490,3
1215.4,190.4,1147051504,3
1273.1,379.3,1147051520,3
1223.8,254.0,1147051541,3
1194.4,206.8,1147051558,3
1117.8, 48.7,1147051579,3
1077.3, 12.5,1147051591,3
1067.3, 14.8,1147051605,3
1055.5, 33.9,1147051620,3
860.9, 46.9,1147051649,3
866.3, 47.6,1147051663,3
761.6,111.8,1147051701,3
1387.2,569.2,1147051733,3
1381.4,545.0,1147051749,3
1262.5,391.8,1147051768,3
1343.5,523.6,1147051783,3
1272.5,479.1,1147051799,3
1268.7,254.1,1147051816,3
1223.4,164.5,1147051837,3
1468.6,1483.6,1147052379,3
1547.7,240.3,1147052396,3
1475.2,598.9,1147052427,3
1310.2,270.6,1147052449,3
1313.7,507.5,1147052516,3
1309.5,292.4,1147052533,3
1292.2,-13.0,1147052550,3
1255.2,158.4,1147052571,3
1257.5,154.3,1147052603,3
1160.7,795.1,1147052645,3
1303.6,677.9,1147052665,3
1293.3,802.4,1147052674,3
1330.2,865.7,1147052685,3
1490.2,649.2,1147052702,3
1380.1,747.1,1147052717,3
1423.9,682.6,1147052729,3
1415.8,519.8,1147052745,3
1356.9,582.8,1147052777,3
1356.7,536.2,1147052789,3
1314.0,615.0,1147052802,3
1278.5,766.7,1147052818,3
1301.4,652.8,1147052833,3
1301.8,649.7,1147052848,3
1267.3,659.9,1147052863,3
1205.0,509.3,1147052879,3
1202.6,530.6,1147052893,3
1158.3,492.6,1147052929,3
1186.8,614.5,1147052938,3
1186.9,595.8,1147052953,3
1116.8,466.8,1147052968,3
1117.1,517.4,1147052982,3
1132.8,604.9,1147052999,3
1099.3,465.9,1147053013,3
1125.6,590.8,1147053026,3
1112.7,544.3,1147053043,3
1115.1,556.0,1147053072,3
1083.3,443.7,1147053089,3
1073.5,234.1,1147053103,3
1071.5,130.0,1147053116,3
1062.6, 64.8,1147053133,3
1069.5,  1.8,1147053148,3
1036.4,263.0,1147053161,3
1045.0,246.2,1147053178,3
1098.8,299.1,1147053193,3
1164.3,253.7,1147053230,3
1189.3,276.1,1147053242,3
1211.7, 79.6,1147053269,3
1175.8,-112.1,1147053284,3
1187.0,-71.0,1147053298,3
1300.3,459.3,1147053313,3
1218.3,313.8,1147053328,3
1243.8,404.6,1147053382,3
1306.8,566.5,1147053400,3
1160.9,406.9,1147053416,3
1158.0,382.4,1147053433,3
1179.8,357.8,1147053471,3
1140.9,213.2,1147053502,3
1115.9, 64.8,1147053553,3
1102.3, 15.1,1147053575,3
1114.2, 72.0,1147053606,3
1053.0,-107.8,1147053619,3
1024.5,208.1,1147053640,3
1015.2,244.8,1147053655,3
983.2,182.6,1147053691,3
945.5, 49.8,1147053703,3
1006.8, 88.6,1147053721,3
1031.4,122.1,1147053736,3
991.8,  5.7,1147053747,3
1100.6,229.3,1147053764,3
1094.6,222.1,1147053779,3
1135.0,301.2,1147053825,3
1186.0,380.3,1147053837,3
1279.9,498.0,1147053853,3
1234.8,342.0,1147053868,3
1242.7,342.3,1147053898,3
1236.2,337.4,1147053913,3
1501.4,466.5,1147053927,3
1488.8,439.7,1147053944,3
1419.1,352.7,1147053975,3
1159.9,128.1,1147053989,3
1313.1,188.3,1147054004,3
1233.3,102.6,1147054020,3
1033.2,-77.0,1147054034,3
1119.3,136.1,1147054051,3
1072.5, 46.5,1147054064,3
1069.1, 39.6,1147054082,3
1036.8, 25.7,1147054095,3
999.2, 14.0,1147054129,3
979.7, -1.7,1147054140,3
978.0,-15.7,1147054157,3
974.4,-32.0,1147054169,3
971.6,-32.3,1147054182,3
1437.4,190.4,1147054208,3
1400.5,170.5,1147054224,3
1206.8,  1.6,1147054280,3
1258.5, 84.2,1147054296,3
1101.8, 50.3,1147054313,3
1151.6, 12.7,1147054329,3
989.2, 50.5,1147054362,3
972.8, 65.2,1147054378,3
1072.2,260.2,1147054392,3
985.8,139.6,1147054411,3
993.1,236.4,1147054454,3
1044.9, 93.1,1147054471,3
1146.8,380.8,1147054504,3
1260.3,475.9,1147054525,3
1247.6,515.2,1147054536,3
1333.0,303.7,1147054545,3
1159.5,720.4,1147054577,3
1163.4,805.0,1147054589,3
1009.0,1477.2,1147054619,3
985.9,1549.9,1147055255,3
1153.2,521.5,1147062898,4
1158.3,497.7,1147062914,4
1146.9,579.2,1147062927,4
1139.3,562.9,1147062943,4
1162.0,618.9,1147062972,4
1184.2,528.8,1147062988,4
1195.2,544.2,1147063004,4
1192.2,601.1,1147063015,4
1211.2,552.7,1147063032,4
1208.0,495.7,1147063047,4
1172.2,550.5,1147063061,4
1158.3,585.1,1147063077,4
1203.6,493.4,1147063093,4
1214.6,468.1,1147063128,4
1216.4,471.1,1147063139,4
1140.3,662.5,1147063152,4
1145.7,647.3,1147063167,4
1259.2,450.6,1147063184,4
1252.4,519.7,1147063197,4
1242.5,541.5,1147063214,4
1274.1,473.3,1147063231,4
1255.2,582.3,1147063242,4
1315.2,417.1,1147063276,4
1297.8,506.0,1147063287,4
1293.2,426.6,1147063303,4
1279.3,401.7,1147063318,4
1263.1,489.7,1147063332,4
1248.3,431.8,1147063349,4
1249.6,400.3,1147063364,4
1263.2,530.5,1147063376,4
1265.9,551.6,1147063396,4
1287.4,632.0,1147063440,4
1290.2,742.7,1147063463,4
1243.7,761.9,1147063497,4
1244.9,771.4,1147063517,4
1234.0,785.1,1147063536,4
1240.1,776.9,1147063553,4
1232.3,786.4,1147063596,4
1224.2,798.5,1147063607,4
1267.8,827.7,1147063620,4
1265.8,822.2,1147063635,4
1266.0,807.3,1147063649,4
1259.3,789.2,1147063664,4
1254.7,764.2,1147063679,4
1262.1,734.0,1147063694,4
1249.4,710.9,1147063726,4
1230.7,377.5,1147063738,4
1234.8,339.8,1147063753,4
1167.0,124.1,1147063768,4
1147.8, 65.5,1147063800,4
1164.9,190.8,1147063814,4
1161.2,259.0,1147063845,4
1340.8,702.2,1147063887,4
1211.4,588.8,1147063906,4
1301.0,678.3,1147063932,4
1290.9,663.9,1147063948,4
1163.2,569.0,1147063963,4
1170.5,584.7,1147063979,4
1132.4,471.6,1147063995,4
1145.8,376.4,1147064028,4
1149.6,347.4,1147064041,4
1196.0,501.5,1147064053,4
1153.9,371.0,1147064070,4
1112.4,364.9,1147064085,4
1090.0,380.0,1147064113,4
1129.0,449.2,1147064128,4
1210.1,545.6,1147064142,4
1346.4,595.5,1147064176,4
1355.3,599.6,1147064186,4
1333.0,564.3,1147064202,4
1334.6,561.7,1147064217,4
1292.2,590.7,1147064234,4
1282.8,588.9,1147064249,4
1277.0,603.2,1147064276,4
1267.8,609.9,1147064293,4
1270.0,649.2,1147064324,4
1267.3,661.4,1147064338,4
1275.0,681.1,1147064352,4
1261.3,680.3,1147064368,4
1267.2,692.0,1147064384,4
1268.1,692.2,1147064400,4
1266.3,691.4,1147064412,4
1268.7,700.2,1147064428,4
1262.1,707.5,1147064443,4
1268.5,705.1,1147064489,4
1235.7,729.7,1147064518,4
1212.5,736.0,1147064533,4
572.1,-55.5,1147064982,4
868.8,480.2,1147065111,4
1180.0,1106.8,1147065291,4
1216.5,430.3,1147065355,4
1160.6,189.0,1147065401,4
1173.5,262.6,1147065420,4
1150.7,346.3,1147065433,4
1088.7,460.6,1147065462,4
1111.0,491.4,1147065478,4
906.3, 83.9,1147065525,4
899.0, 59.8,1147065553,4
971.2,247.4,1147065567,4
1002.1,389.5,1147065598,4
906.8,214.1,1147065613,4
984.3,324.8,1147065642,4
1076.6,447.8,1147065689,4
1090.5,412.3,1147065733,4
1090.9,417.2,1147065778,4
1384.0,698.0,1147065793,4
1356.6,694.3,1147065829,4
1310.4,688.8,1147065868,4
1334.2,696.0,1147065920,4
1337.0,732.6,1147065976,4
1320.6,728.4,1147066003,4
1337.0,725.1,1147066048,4
1298.4,745.4,1147066095,4
1373.1,919.9,1147066138,4
1332.2,915.5,1147066183,4
1289.4,804.4,1147066198,4
1321.5,797.7,1147066228,4
1350.9,755.9,1147066244,4
1325.1,738.7,1147066277,4
1290.2,744.2,1147066289,4
1318.4,746.4,1147066317,4
1237.4,721.8,1147066362,4
1252.3,729.7,1147066377,4
1295.1,669.2,1147066426,4
1260.9,639.2,1147066451,4
1348.9,571.6,1147066513,4
1175.4,619.4,1147066542,4
1052.5,744.3,1147066588,4
988.0,689.3,1147066633,4
917.0,710.5,1147066678,4
918.7,727.6,1147066746,4
911.4,727.5,1147066777,4
907.2,727.5,1147066833,4
945.5,791.7,1147067499,4
999.2,530.1,1147067585,4
841.0,714.8,1147067674,4
767.2,739.6,1147067809,4
875.4,797.6,1147067857,4
917.0,1168.6,1147067883,4
936.2,1350.9,1147067901,4
929.0,1321.7,1147067924,4
895.6,1146.2,1147067939,4
986.9,1077.9,1147067954,4
994.7,806.7,1147067982,4
964.7,815.6,1147068035,4
966.2,782.5,1147068049,4
897.1,573.3,1147068094,4
921.2,418.0,1147068118,4
917.6,401.0,1147068163,4
915.7,697.7,1147068224,4
914.4,634.0,1147068236,4
892.3,647.9,1147068254,4
889.8,623.8,1147068296,4
912.3,530.6,1147068342,4
1181.0,377.4,1147068388,4
1295.7,299.5,1147068402,4
1311.7,194.4,1147068432,4
1297.4,-84.8,1147068447,4
1250.3,239.6,1147068476,4
1240.2,307.9,1147068492,4
1172.7,321.6,1147068527,4
1176.6,250.1,1147068538,4
1126.2,166.7,1147068567,4
1155.0, 26.3,1147068582,4
1155.3,123.1,1147068612,4
1271.7,-64.1,1147068674,4
1296.2,-162.9,1147068702,4
1277.4,-102.0,1147068720,4
1263.2,-70.4,1147068746,4
1262.1,-67.2,1147068762,4
1228.6, 17.8,1147068791,4
1131.4,258.9,1147068839,4
1127.9,261.5,1147068853,4
999.0,615.2,1147068882,4
994.1,622.8,1147068927,4
1107.6,557.1,1147068945,4
1060.6,712.7,1147068977,4
1062.8,719.0,1147068988,4
1054.1,698.1,1147069016,4
1036.5,682.0,1147069063,4
1042.9,793.5,1147069159,4
917.1,776.6,1147069205,4
917.1,776.6,1147069220,4
975.9,376.5,1147069235,4
961.9,432.5,1147069250,4
963.2,416.0,1147069299,4
872.0,494.4,1147069315,4
831.3,785.1,1147069343,4
827.5,720.7,1147069356,4
833.2,915.6,1147069378,4
888.9,385.8,1147069985,4
811.1,757.7,1147070060,4
869.7,510.0,1147070076,4
962.0,119.8,1147070106,4
926.8, 93.0,1147070121,4
899.5,484.6,1147070153,4
986.8,755.2,1147070193,4
943.6,637.5,1147070210,4
1095.6,338.0,1147070228,4
1144.2,305.9,1147070244,4
1074.7,237.4,1147070256,4
1105.7,177.2,1147070279,4
1194.8,205.7,1147070329,4
1032.0,194.5,1147070340,4
715.4, 97.0,1147070382,4
739.8,290.5,1147070427,4
761.5,243.7,1147070473,4
774.2,168.6,1147070503,4
810.7,163.4,1147070519,4
816.1,162.6,1147070549,4
831.1,160.5,1147070564,4
852.2,130.8,1147070594,4
945.5,-13.2,1147070640,4
847.7, 53.7,1147070668,4
439.3,333.3,1147070681,4
293.1,425.3,1147070698,4
233.0,419.7,1147070727,4
353.2,324.2,1147070743,4
564.4,134.2,1147070778,4
821.4, 36.6,1147070789,4
845.2,-12.9,1147070819,4
756.2,  7.5,1147070834,4
733.9,  9.1,1147070848,4
975.7,-45.0,1147070861,4
876.8,-26.7,1147070878,4
764.0, 83.5,1147070926,4
563.7,175.1,1147070953,4
778.0,152.2,1147070969,4
434.8,234.2,1147070999,4
636.6,203.7,1147071013,4
642.9,291.1,1147071028,4
581.1,373.7,1147071046,4
1727.4,456.3,1147071607,4
1710.8,154.2,1147071648,4
1571.4,114.3,1147071698,4
1544.3,115.3,1147071713,4
1343.3, 13.0,1147071724,4
1328.0, 12.8,1147071733,4
1312.6, 67.4,1147071748,4
1281.2,133.6,1147071763,4
1245.2,149.9,1147071779,4
1129.5,244.6,1147071825,4
591.7,157.0,1147071853,4
638.3,135.1,1147071868,4
863.9, 79.1,1147071885,4
652.6,137.1,1147071898,4
743.3,112.0,1147071916,4
733.6,108.3,1147071930,4
800.5,103.3,1147071944,4
869.1, 55.1,1147071975,4
751.2, 95.0,1147071988,4
709.5,358.2,1147072003,4
812.6,331.9,1147072019,4
823.7,317.5,1147072035,4
842.3,337.3,1147072065,4
818.0,314.4,1147072079,4
1041.2,328.3,1147072130,4
1033.4,276.9,1147072139,4
906.2,202.4,1147072169,4
1085.8,186.7,1147072189,4
730.5, 75.7,1147072220,4
760.6, 69.4,1147072237,4
790.0, 55.2,1147072251,4
921.3,-60.5,1147072284,4
1072.6,-133.3,1147072300,4
989.7, 11.0,1147072316,4
812.9,391.6,1147072332,4
858.5,324.2,1147072348,4
902.4,255.6,1147072369,4
946.1,270.1,1147072403,4
916.2,264.1,1147072442,4
400.4,153.1,1147072454,4
466.5,112.2,1147072469,4
432.3,121.1,1147072485,4
530.1,108.1,1147072501,4
465.0,  2.4,1147072530,4
628.2,-12.7,1147072546,4
839.2,-138.7,1147072556,4
841.0,-125.5,1147072589,4
1018.4,-189.5,1147072605,4
948.8,-157.6,1147072618,4
745.7,-160.0,1147072635,4
916.3,-193.2,1147072649,4
879.3,-192.1,1147072679,4
948.1,-200.0,1147072696,4
879.3,-192.4,1147072705,4
1024.9,-142.2,1147072729,4
829.0,-142.8,1147072754,4
984.3,-75.3,1147072769,4
943.3,-44.3,1147072785,4
945.4,-42.6,1147072800,4
715.1,-65.1,1147072814,4
371.9,-116.8,1147072831,4
558.0,-87.5,1147072845,4
396.1,-89.4,1147072875,4
396.4,-90.1,1147072890,4
809.0,-39.1,1147072904,4
1200.2,376.0,1147072919,4
797.9,157.0,1147072964,4
602.1, 36.8,1147072979,4
532.2, 24.1,1147073040,4
555.5, 22.6,1147073056,4
620.9, 14.9,1147073070,4
606.1, 15.1,1147073083,4
639.9, 10.9,1147073115,4
813.3,-46.3,1147073129,4
812.6,-48.2,1147073145,4
979.4,-12.8,1147073175,4
978.9,-14.1,1147073220,4
938.0,  7.2,1147073266,4
1075.3,-113.3,1147073358,4
1075.3,-113.3,1147073374,4
1075.3,-113.3,1147073392,4
1075.3,-113.3,1147073428,4
1075.3,-113.3,1147073476,4
207.2,-37.1,1147073871,4
207.2,-37.1,1147073881,4
553.7,-103.9,1147073893,4
506.4,-94.8,1147073930,4
694.1,-116.6,1147073939,4
468.9,-105.0,1147073967,4
568.5,-88.1,1147073982,4
494.9,-59.3,1147074019,4
-20.3,-55.7,1147074049,4
-100.1,-62.1,1147074094,4
-145.1,-66.7,1147074110,4
-27.7,-93.8,1147074157,4
410.1,-24.1,1147074175,4
503.4, 22.3,1147074190,4
345.3, -2.1,1147074206,4
235.7,-30.7,1147074242,4
418.1, 16.8,1147074253,4
735.3, 20.5,1147074268,4
737.4, 19.5,1147074287,4
826.6,172.1,1147074314,4
742.6,103.9,1147074329,4
791.4, 91.2,1147074380,4
361.9, -1.7,1147074417,4
-233.0,-144.5,1147074463,4
-265.0,-124.9,1147074562,4
-265.0,-124.9,1147074635,4
-265.0,-124.9,1147074650,4
-265.0,-124.9,1147074701,4
-219.6,-69.7,1147074741,4
 62.6,273.8,1147074783,4
 62.6,273.8,1147074860,4
899.6,-103.5,1147074973,4
899.6,-103.5,1147074987,4
899.6,-103.5,1147075002,4
899.6,-103.5,1147075092,4
1692.0,283.0,1147075750,4
1692.0,283.0,1147075765,4
1692.0,283.0,1147075775,4
1730.9,281.9,1147075784,4
1942.9,275.9,1147075813,4
1946.4,258.7,1147075827,4
1918.1,215.3,1147075842,4
1604.6, 23.0,1147075874,4
1387.9, 20.4,1147075904,4
1405.2, 23.2,1147075917,4
975.8, 61.5,1147075932,4
773.4, 79.0,1147075947,4
725.6, 36.1,1147075962,4
696.5, 29.8,1147075976,4
1056.0, -9.6,1147075991,4
903.2,  7.3,1147076023,4
993.0,-12.1,1147076039,4
1058.3,-11.0,1147076053,4
1121.7,158.8,1147076067,4
1123.3,266.7,1147076082,4
1200.9,360.8,1147076098,4
1165.2,730.2,1147076111,4
1174.4,661.1,1147076129,4
1179.7,684.4,1147076144,4
1228.2,551.3,1147076175,4
1247.7,486.7,1147076188,4
1270.7,397.9,1147076217,4
1262.9,494.9,1147076238,4
1304.2,504.4,1147076272,4
1298.1,505.5,1147076288,4
1322.5,412.2,1147076327,4
1369.6,140.6,1147076352,4
1330.7,250.4,1147076367,4
1355.7,217.7,1147076397,4
1365.1,188.4,1147076412,4
1343.3,211.5,1147076425,4
1253.8,347.3,1147076442,4
1158.8,561.7,1147076483,4
1146.7,545.8,1147076495,4
1202.8,453.3,1147076505,4
1176.7,532.7,1147076516,4
1346.7,229.9,1147076532,4
1367.1,218.9,1147076547,4
1314.5,246.2,1147076561,4
1303.0,255.0,1147076577,4
1182.1, 91.2,1147076591,4
1099.0,192.8,1147076629,4
1064.3,212.1,1147076639,4
1069.1,252.3,1147076648,4
1040.5,529.9,1147076662,4
1084.9,358.9,1147076685,4
1185.6,624.0,1147076717,4
1190.5,629.5,1147076747,4
1094.4,716.6,1147076793,4
1062.1,761.1,1147076808,4
1075.3,741.2,1147076823,4
1101.1,740.1,1147076836,4
1142.7,740.6,1147076851,4
1190.9,735.7,1147076862,4
1195.5,718.9,1147076876,4
1226.0,550.1,1147076892,4
1247.2,375.3,1147076937,4
1262.0,107.9,1147076950,4
942.4,199.0,1147077135,4
1411.1,211.7,1147077647,4
1430.1,108.9,1147077720,4
1726.2,-18.9,1147077766,4
1443.8,652.5,1147077862,4
1271.5,166.3,1147077910,4
1450.7, 50.4,1147077959,4
1590.8,  9.8,1147077995,4
1960.2,1027.9,1147078766,4
1612.5,1139.9,1147078800,4
1612.5,1139.9,1147078839,4
1629.6,1092.9,1147078848,4
1560.8,1062.1,1147078876,4
1557.9,1061.6,1147078917,4
1615.3,946.3,1147078931,4
1623.0,441.7,1147078961,4
1320.2,142.0,1147079047,4
1182.1,249.1,1147079063,4
1291.2,427.2,1147079079,4
1297.4,454.5,1147079111,4
1221.9,344.8,1147079126,4
1204.7,386.0,1147079158,4
1262.2,433.8,1147079197,4
1212.0,520.3,1147079232,4
952.3,828.7,1147079277,4
958.7,829.0,1147079291,4
857.5,883.7,1147079326,4
1096.3,604.9,1147079337,4
1080.3,647.6,1147079365,4
1273.0,342.2,1147079381,4
1134.9,524.4,1147079411,4
1112.0,337.9,1147079426,4
1092.5,443.9,1147079473,4
960.9,823.7,1147079501,4
986.1,785.1,1147079517,4
1082.5,810.2,1147079547,4
1366.1,749.0,1147079592,4
1348.7,541.8,1147079637,4
1156.3,319.5,1147079652,4
1085.9,490.9,1147079682,4
1230.0,441.8,1147079697,4
1153.0,468.1,1147079712,4
1237.7,631.4,1147079726,4
1155.0,545.3,1147079741,4
1239.5,617.3,1147079797,4
1237.5,695.8,1147079810,4
1246.1,694.5,1147079825,4
1226.6,571.7,1147079843,4
1231.6,715.4,1147079863,4
1227.3,611.5,1147079877,4
1242.7,569.0,1147079924,4
1864.6,615.1,1147080372,4
1830.1, 96.5,1147080466,4
1830.1, 96.5,1147080500,4
1830.1, 96.5,1147080550,4
1822.2, 84.3,1147080564,4
1917.6, -2.4,1147080607,4
1745.6,-45.4,1147080651,4
1719.0,-81.2,1147080697,4
1747.3,-81.1,1147080728,4
1695.6,325.6,1147080741,4
1837.6, 61.3,1147080762,4
1830.8,541.8,1147080777,4
1981.4,128.0,1147080835,4
1889.7,266.8,1147080897,4
1523.7,820.0,1147080920,4
931.5,1419.9,1147080955,4
697.5,1448.3,1147081006,4
681.3,1412.9,1147081024,4
1736.2,223.5,1147081050,4
853.4,1479.8,1147081078,4
917.8,1393.2,1147081093,4
1036.8,1222.4,1147081137,4
1016.5,1157.0,1147081165,4
1080.9,1051.3,1147081181,4
1042.4,1100.4,1147081211,4
1312.4,754.0,1147081226,4
1381.6,493.1,1147081272,4
1495.3, 90.0,1147081315,4
1413.9,159.3,1147081360,4
917.3,1245.0,1147081436,4
1094.0,803.2,1147081450,4
1153.2, 86.7,1147081496,4
1108.0, 82.6,1147081526,4
1148.4, 82.5,1147081541,4
1155.2,135.7,1147081605,4
1203.3,132.1,1147081640,4
1240.6,164.4,1147081682,4
1270.6,173.6,1147081734,4
1283.5,174.1,1147081775,4
1265.1, 96.2,1147081783,4
1066.5, 45.8,1147081811,4
951.6,873.5,1147081841,4
1137.7,386.0,1147081900,4
1128.8,665.7,1147081935,4
1207.0,755.3,1147081953,4
1275.2,737.6,1147082001,4
1301.3,257.4,1147082047,4
1414.3,186.4,1147082083,4
1439.5,183.6,1147082126,4
1308.3,122.8,1147082181,4
856.6, 60.2,1147082202,4
796.4, 95.6,1147082216,4
1411.7,283.6,1147082858,4
1460.7,100.9,1147082898,4
1355.1,-76.3,1147082945,4
1308.7,-154.1,1147082971,4
1308.7,-154.1,1147082987,4
1282.4,-74.2,1147083015,4
1108.6,453.4,1147083032,4
1142.7,344.1,1147083043,4
1236.5,162.3,1147083078,4
1221.4,390.0,1147083109,4
1159.2,927.2,1147083151,4
1159.5,939.0,1147083195,4
930.0,975.3,1147083236,4
974.1,959.1,1147083280,4
965.0,962.4,1147083296,4
1323.2,932.7,1147083326,4
1445.0,897.4,1147083391,4
1458.1,867.3,1147083436,4
1461.5,861.7,1147083482,4
1455.9,856.3,1147083502,4
1463.9,818.6,1147083575,4
1422.1,799.5,1147083602,4
1154.4,763.5,1147083641,4
1143.4,896.9,1147083673,4
1158.1,911.0,1147083686,4
1239.3,1003.0,1147083731,4
1240.2,999.4,1147083776,4
1134.8,800.9,1147083859,4
1116.5,793.4,1147083872,4
1119.8,792.3,1147083910,4
1134.2,796.2,1147083927,4
1123.9,793.4,1147083942,4
1314.7,718.8,1147083986,4
1336.3,718.2,1147084001,4
1334.7,691.8,1147084016,4
1420.2,157.8,1147084046,4
1432.6, 42.7,1147084062,4
1450.3,-121.8,1147084152,4
1327.2, 98.1,1147084166,4
1111.8,594.1,1147084226,4
1074.7,662.1,1147084278,4
1082.3,854.6,1147084317,4
1177.8,1100.1,1147084361,4
972.0,1536.8,1147084909,4
